1,poly_AHdist_g_2,,hbgd_AHdist,1.01702445149,2.96903286337,1.0,1.0,1.473361393366,37.009437349874,6,0.017766989922,-0.797066393700,5.512449246897,-13.205746417374,10.902052999654,-1.393833179673,,,,,
2,poly_AHdist_g_3,,hbgd_AHdist,0.97529672242,2.92733659424,1.0,1.0,1.431632008224,36.967723754335,6,0.017766989921,-0.793360768382,5.379764370526,-12.524222746369,9.828878864776,-0.961679808260,,,,,
3,poly_AHdist_g_3_sp2,,hbgd_AHdist,0.975296722419,2.92733659434,0.5,0.5,0.150215914350,36.967733108263,6,0.011844659947,-0.528907178922,3.586509580351,-8.349481830913,6.552585909850,-0.807786538840,,,,,
4,poly_AHdist_g_4,,hbgd_AHdist,0.954597405346,2.9066279119,1.0,1.0,1.410933184082,36.947020229920,6,0.017766989921,-0.791521571876,5.314139071527,-12.192121305557,9.317177508245,-0.763499227139,,,,,
5,poly_AHdist_g_4_sp2,,hbgd_AHdist,0.954597405346,2.90662791193,0.5,0.5,0.129511005932,36.947029583848,6,0.011844659947,-0.527681047917,3.542759381018,-8.128080870371,6.211451672164,-0.675666151426,,,,,
6,poly_AHdist_g_5,,hbgd_AHdist,1.02703282414,2.97904111616,1.0,1.0,1.483369772327,37.019445669186,6,0.017766989921,-0.797955482190,5.544376221617,-13.371736678968,11.168047323344,-1.504272594285,,,,,
7,poly_AHdist_g_6,,hbgd_AHdist,0.850189778119,2.80217541134,1.0,1.0,1.306527917954,129014935139.107818603516,7,-0.000000000000,0.017766989923,-0.782244734919,4.985449214377,-10.578877693575,6.941044742266,0.082516346002,,,,
8,poly_AHdist_g_6_sp2,,hbgd_AHdist,0.850189778118,2.80217541143,0.5,0.5,0.025076587270,129014935139.107833862305,7,-0.000000000000,0.011844659948,-0.521496489946,3.323632809585,-7.052585129050,4.627363161510,-0.111655769332,,,,
9,poly_AHdist_g_dOH_1,,hbgd_AHdist,0.774597405346,2.72662791187,1.0,1.0,1.230933184082,36.767020229793,6,0.017766989921,-0.775531280947,4.750000044513,-9.475321829655,5.426176796148,0.548732502617,,,,,
10,poly_AHdist_g_dOH_1_sp2,,hbgd_AHdist,0.774597405346,2.7266279118,0.5,0.5,-0.050488994068,36.767029583721,6,0.011844659948,-0.517020853965,3.166666696342,-6.316881219770,3.617451197432,0.199155001745,,,,,
11,poly_AHdist_g_dOH_2,,hbgd_AHdist,0.787610761553,2.73961153486,1.0,1.0,1.243948105623,36.780020228831,6,0.017766989921,-0.776686135292,4.790357697334,-9.661358610450,5.674950231646,0.476608634664,,,,,
12,poly_AHdist_g_dOH_2_sp2,,hbgd_AHdist,0.787610761553,2.73961153475,0.5,0.5,-0.037493389522,36.780029582759,6,0.011844659948,-0.517790756861,3.193571798223,-6.440905740300,3.783300154431,0.151072423109,,,,,
13,poly_AHdist_g_dOH_3,,hbgd_AHdist,0.892611502876,2.84461062586,1.0,1.0,1.348948933843,36.885020228749,6,0.017766989921,-0.786013805000,5.118524684796,-11.221904748079,7.865883863776,-0.231416123406,,,,,
14,poly_AHdist_h_2,,hbgd_AHdist,1.43206979596,2.73892633201,1.0,1.0,1.653362727919,2.335976403429,6,0.606676178050,-7.190875061519,31.022104203234,-57.725901834924,40.508577249743,-3.145111451431,,,,,
15,poly_AHdist_h_3,,hbgd_AHdist,1.39034515943,2.69724172147,1.0,1.0,1.611630134108,2.294289655013,6,0.606676178050,-7.064341832598,29.832831449281,-53.918404586322,35.852526292302,-1.553630192371,,,,,
16,poly_AHdist_h_3_sp2,,hbgd_AHdist,1.39034515943,2.69724172143,0.5,0.5,0.054667106775,2.395740016122,6,0.404450785367,-4.709561221732,19.888554299521,-35.945603057548,23.901684194868,-1.202420128248,,,,,
17,poly_AHdist_h_4,,hbgd_AHdist,1.36964486143,2.67652972657,1.0,1.0,1.590932161351,2.273578285139,6,0.606676178050,-7.001540158662,29.250404799694,-52.083584709611,33.658036391848,-0.834186140148,,,,,
18,poly_AHdist_h_4_sp2,,hbgd_AHdist,1.36964486143,2.67652972654,0.5,0.5,0.033962976265,2.375029333807,6,0.404450785367,-4.667693439108,19.500269866463,-34.722389806407,22.438690927898,-0.722790760098,,,,,
19,poly_AHdist_h_5,,hbgd_AHdist,1.44207815684,2.74893454021,1.0,1.0,1.663371119159,2.345984619756,6,0.606676178049,-7.221234104388,31.310586168337,-58.661666945715,41.673406689882,-3.556347335948,,,,,
20,poly_AHdist_h_dOH_1,,hbgd_AHdist,1.18964486143,2.49652972659,1.0,1.0,1.410932161351,2.093578285139,6,0.606676178049,-6.455531598410,24.405858967116,-37.614084169860,17.590937635970,3.700105325395,,,,,
21,poly_AHdist_h_dOH_1_sp2,,hbgd_AHdist,1.18964486143,2.49652972658,0.5,0.5,-0.146037023735,2.195029333807,6,0.404450785366,-4.303687732273,16.270572644744,-25.076056113240,11.727291757313,2.300070216930,,,,,
22,poly_AHdist_h_dOH_2,,hbgd_AHdist,1.20265535723,2.50950216729,1.0,1.0,1.423950222922,2.106552757850,6,0.606676178048,-6.494965549977,24.742571892953,-38.572471907257,18.581334412698,3.465072188992,,,,,
23,poly_AHdist_h_dOH_2_sp2,,hbgd_AHdist,1.20265535723,2.50950216725,0.5,0.5,-0.133038997148,2.208006043893,6,0.404450785366,-4.329977033318,16.495047928635,-25.714981271504,12.387556275132,2.143381459328,,,,,
24,poly_AHdist_h_dOH_3,,hbgd_AHdist,1.30765592718,2.61450067077,1.0,1.0,1.528951203742,2.211551371629,6,0.606676178049,-6.813470543458,27.537343472596,-46.803047059818,27.530357725945,1.059333981519,,,,,
25,poly_AHdist_i_2,,hbgd_AHdist,1.40298525422,2.78583065056,1.0,1.0,2.397355838118,3.342369724104,6,-1.599731110227,17.438906289598,-76.700382550115,172.626140085999,-199.964831194534,94.700392650636,,,,,
26,poly_AHdist_i_3,,hbgd_AHdist,1.36126544649,2.74413444816,1.0,1.0,2.355661839327,3.300651948287,6,-1.599731110225,17.105253592963,-73.818460201079,163.208697060253,-185.958459344948,86.653956751917,,,,,
27,poly_AHdist_i_3_sp2,,hbgd_AHdist,1.36126544649,2.74413444821,0.5,0.5,1.499025827369,3.274496847741,6,-1.066487406817,11.403502395308,-49.212306800719,108.805798040169,-123.972306229966,57.602637834612,,,,,
28,poly_AHdist_i_4,,hbgd_AHdist,1.34056373809,2.72342583889,1.0,1.0,2.334952585966,3.279949645895,6,-1.599731110227,16.939653236156,-72.408761112856,158.667639873195,-179.294787015994,82.873278945345,,,,,
29,poly_AHdist_i_4_sp2,,hbgd_AHdist,1.34056373809,2.72342583886,0.5,0.5,1.478325272030,3.253794717043,6,-1.066487406818,11.293102157438,-48.272507408570,105.778426582130,-119.529858010663,55.082185963564,,,,,
30,poly_AHdist_i_5,,hbgd_AHdist,1.41299359668,2.79583890295,1.0,1.0,2.407364082109,3.352378058807,6,-1.599731110229,17.518959384046,-77.400121476026,174.939562516116,-203.443344491985,96.719072998797,,,,,
31,poly_AHdist_i_dOH_1,,hbgd_AHdist,1.16056373809,2.54342583889,1.0,1.0,2.154952585965,3.099949645895,6,-1.599731110224,15.499895236922,-60.730523662424,122.766681142801,-128.825796679577,55.336241209787,,,,,
32,poly_AHdist_i_dOH_1_sp2,,hbgd_AHdist,1.16056373809,2.54342583887,0.5,0.5,1.298325272030,3.073794717043,6,-1.066487406816,10.333263491282,-40.487015774949,81.844454095201,-85.883864453051,36.724160806525,,,,,
33,poly_AHdist_i_dOH_2,,hbgd_AHdist,1.17356964205,2.55640930259,1.0,1.0,2.167933954535,3.112953618165,6,-1.599731110225,15.603877759097,-61.539221760361,125.150923605577,-132.048657206388,57.031898497661,,,,,
34,poly_AHdist_i_dOH_2_sp2,,hbgd_AHdist,1.17356964205,2.5564093026,0.5,0.5,1.311334925693,3.086799247612,6,-1.066487406817,10.402585172732,-41.026147840241,83.433949070385,-88.032438137592,37.854598998441,,,,,
35,poly_AHdist_i_dOH_3,,hbgd_AHdist,1.27856996279,2.66140840428,1.0,1.0,2.272932942341,3.217953833961,6,-1.599731110223,16.443736591939,-68.269220773982,145.586493860931,-160.438986920663,72.349955056655,,,,,
36,poly_AHdist_j_2,,hbgd_AHdist,1.0373414073,2.7878294661,1.0,1.0,-0.902573865365,3.389794192458,6,-0.316308450809,2.010416813673,-3.175152486258,-1.052096539824,3.469018685102,0.129871754495,,,,,
37,poly_AHdist_j_2_sp2,,hbgd_AHdist,1.0373414073,2.78782946617,0.5,0.5,0.035039759023,3.359192000839,6,-0.210872300540,1.340277875782,-2.116768324172,-0.701397693216,2.312679123401,-0.080085497004,,,,,
38,poly_AHdist_j_3,,hbgd_AHdist,0.995627809996,2.74611586883,1.0,1.0,-0.944287462675,3.348080595156,6,-0.316308450809,1.944444996968,-2.845209460337,-1.428678178072,3.365249593126,0.272521915425,,,,,
39,poly_AHdist_j_3_sp2,,hbgd_AHdist,0.995627809996,2.74611586881,0.5,0.5,-0.006673838276,3.317478403537,6,-0.210872300539,1.296296664645,-1.896806306891,-0.952452118715,2.243499728750,0.015014610283,,,,,
40,poly_AHdist_j_4,,hbgd_AHdist,0.974924286039,2.72541234486,1.0,1.0,-0.964990986634,3.327377071199,6,-0.316308450809,1.911701499022,-2.685537817609,-1.600423081194,3.302502302141,0.341557165113,,,,,
41,poly_AHdist_j_4_sp2,,hbgd_AHdist,0.974924286038,2.72541234485,0.5,0.5,-0.027377362232,3.296774879580,6,-0.210872300539,1.274467666014,-1.790358545073,-1.066948720796,2.201668201427,0.061038110075,,,,,
42,poly_AHdist_j_5,,hbgd_AHdist,1.04734972606,2.79783778487,1.0,1.0,-0.892565546609,3.399802511221,6,-0.316308450809,2.026245392685,-3.255952890441,-0.955551296433,3.489115911377,0.095050528209,,,,,
43,poly_AHdist_j_5_sp2,,hbgd_AHdist,1.04734972606,2.79783778484,0.5,0.5,0.045048077788,3.369200319601,6,-0.210872300539,1.350830261790,-2.170635260294,-0.637034197622,2.326077274251,-0.103299647861,,,,,
44,poly_AHdist_j_6,,hbgd_AHdist,0.870496501643,2.62098456048,1.0,1.0,-1.069418771031,3.222949286803,6,-0.316308450809,1.746544545503,-1.921492759199,-2.320275011509,2.888906469413,0.666142410904,,,,,
45,poly_AHdist_j_6_sp2,,hbgd_AHdist,0.870496501643,2.62098456046,0.5,0.5,-0.131805146627,3.192347095184,6,-0.210872300539,1.164363030335,-1.280995172799,-1.546850007673,1.925937646275,0.277428273936,,,,,
46,poly_AHdist_j_dOH_1,,hbgd_AHdist,0.794924286039,2.54541234486,1.0,1.0,-1.144990986630,3.147377071199,6,-0.316308450809,1.627023893295,-1.411596676381,-2.697425840135,2.508251649802,0.870438874252,,,,,
47,poly_AHdist_j_dOH_1_sp2,,hbgd_AHdist,0.794924286039,2.54541234484,0.5,0.5,-0.207377362234,3.116774879580,6,-0.210872300539,1.084682595530,-0.941064450921,-1.798283893423,1.672167766535,0.413625916168,,,,,
48,poly_AHdist_j_dOH_2,,hbgd_AHdist,0.80792428604,2.55841234486,1.0,1.0,-1.131990986629,3.160377071199,6,-0.316308450809,1.647583942598,-1.496736480116,-2.640716818228,2.577654698672,0.837378885704,,,,,
49,poly_AHdist_j_dOH_2_sp2,,hbgd_AHdist,0.807924286039,2.55841234484,0.5,0.5,-0.194377362234,3.129774879580,6,-0.210872300539,1.098389295065,-0.997824320077,-1.760477878819,1.718436465781,0.391585923802,,,,,
50,poly_AHdist_j_dOH_3,,hbgd_AHdist,0.91292428604,2.66341234485,1.0,1.0,-1.026990986623,3.265377071199,6,-0.316308450809,1.813645879275,-2.223594742718,-2.056595483468,3.074879296509,0.539548200840,,,,,
51,poly_AHdist_j_dOH_3_sp2,,hbgd_AHdist,0.912924286039,2.66341234491,0.5,0.5,-0.089377362237,3.234774879580,6,-0.210872300540,1.209097252850,-1.482396495145,-1.371063655646,2.049919531006,0.193032133893,,,,,
52,poly_AHdist_j_dOH_4,,hbgd_AHdist,0.700496501643,2.45098456047,1.0,1.0,-1.239418771026,3.052949286803,6,-0.316308450809,1.477682362317,-0.825255610546,-3.012925728687,1.966421716767,1.082174089143,,,,,
53,poly_AHdist_j_dOH_4_sp2,,hbgd_AHdist,0.700496501643,2.45098456045,0.5,0.5,-0.301805146630,3.022347095184,6,-0.210872300539,0.985121574878,-0.550170407031,-2.008617152458,1.310947811178,0.554782726095,,,,,
54,poly_AHdist_k_2,,hbgd_AHdist,1.01688771193,2.81718681486,1.0,1.0,1.495248390291,3.490219339460,6,-0.228485462765,1.362921466045,-1.555942145501,-2.493428470281,3.482102899223,0.464652973744,,,,,
55,poly_AHdist_k_3,,hbgd_AHdist,0.975155509076,2.77548849644,1.0,1.0,1.453516102895,3.448501585102,6,-0.228485462765,1.315266713130,-1.332508419091,-2.674077045375,3.266353265041,0.605421109984,,,,,
56,poly_AHdist_k_3_sp2,,hbgd_AHdist,0.975155509077,2.77548849641,0.5,0.5,-0.100934395542,3.417356238690,6,-0.152323641843,0.876844475420,-0.888338946061,-1.782718030250,2.177568843361,0.236947406656,,,,,
57,poly_AHdist_k_4,,hbgd_AHdist,0.954457562146,2.75478039261,1.0,1.0,1.432818181216,3.427799307222,6,-0.228485462765,1.291614441870,-1.224565166203,-2.753477558502,3.153960624083,0.671898966205,,,,,
58,poly_AHdist_k_4_sp2,,hbgd_AHdist,0.954457562146,2.75478039258,0.5,0.5,-0.121640744785,3.396654123845,6,-0.152323641843,0.861076294580,-0.816376777469,-1.835651705668,2.102640416055,0.281265977470,,,,,
59,poly_AHdist_k_5,,hbgd_AHdist,1.02689610162,2.82719507536,1.0,1.0,1.505256780303,3.500227674069,6,-0.228485462765,1.374355242765,-1.610733221184,-2.445889970835,3.531539916767,0.429554928724,,,,,
60,poly_AHdist_k_6,,hbgd_AHdist,0.850056271412,2.65033085156,1.0,1.0,-1833793377064.497070312500,1.328417012893,7,-0.000000000000,-0.228485462763,1.172313288651,-0.709960138581,-3.055203847257,2.544566969032,0.970039659155,,,,
61,poly_AHdist_k_6_sp2,,hbgd_AHdist,0.850056271411,2.65033085156,0.5,0.5,-1833793377064.497070312500,-0.226081949758,7,-0.000000000000,-0.152323641842,0.781542192434,-0.473306759054,-2.036802564838,1.696377979354,0.480026439436,,,,
62,poly_AHdist_k_dOH_1,,hbgd_AHdist,0.774457562146,2.57478039262,1.0,1.0,1.252818181215,3.247799307222,6,-0.228485462765,1.085977525381,-0.368632057991,-3.176978172944,2.072612476072,1.144570252890,,,,,
63,poly_AHdist_k_dOH_1_sp2,,hbgd_AHdist,0.774457562146,2.57478039261,0.5,0.5,-0.301640744785,3.216654123845,6,-0.152323641843,0.723985016920,-0.245754705327,-2.117985448629,1.381741650715,0.596380168593,,,,,
64,poly_AHdist_k_dOH_2,,hbgd_AHdist,0.787475106944,2.58776598481,1.0,1.0,1.265835805958,3.260803227280,6,-0.228485462765,1.100829080461,-0.425489029744,-3.161495321643,2.155017435914,1.117123641291,,,,,
65,poly_AHdist_k_dOH_2_sp2,,hbgd_AHdist,0.787475106944,2.58776598481,0.5,0.5,-0.288649632928,3.229658556787,6,-0.152323641843,0.733886053640,-0.283659353163,-2.107663547762,1.436678290609,0.578082427527,,,,,
66,poly_AHdist_k_dOH_3,,hbgd_AHdist,0.89247608877,2.69276517855,1.0,1.0,1.370836792280,3.365803446652,6,-0.228485462765,1.220783948412,-0.913027765806,-2.952001428768,2.799622151995,0.856622474095,,,,,
67,poly_AHdist_k_dOH_4,,hbgd_AHdist,0.680056271412,2.48033085161,1.0,1.0,1.158417011499,3.153377442368,6,-0.228485462765,0.978100645308,0.021180598947,-3.225229884443,1.466328250963,1.311779304662,,,,,
68,poly_AHdist_k_dOH_4_sp2,,hbgd_AHdist,0.680056271412,2.48033085159,0.5,0.5,-0.396081950826,3.122233033472,6,-0.152323641843,0.652067096872,0.014120399298,-2.150153256295,0.977552167308,0.707852869775,,,,,
69,poly_AHdist_e_dOH_4_sp2,,hbgd_AHdist,1.25201996746,2.53255368995,0.5,0.5,-18960643231224.484375000000,1.349180682085,6,0.000000000000,1.922920723264,-18.053521064074,62.267400387357,-92.403257531416,49.290162334489,,,,,
70,poly_AHdist_l_2,,hbgd_AHdist,0.901379669016,2.57211370136,1.0,1.0,2.311548798696,1183.191973194598,8,0.000646427435,-0.770703205857,6.949132634959,-24.895102159909,46.393438699302,-48.439515872377,25.681555068549,-4.056856754937,,,
71,poly_AHdist_l_2_sp2,,hbgd_AHdist,0.901379669017,2.57211370117,0.5,0.5,0.284964031273,1183.191973194598,8,0.000430951624,-0.513802137238,4.632755089973,-16.596734773273,30.928959132868,-32.293010581584,17.121036712366,-2.871237836624,,,
72,poly_AHdist_l_3,,hbgd_AHdist,0.859666071693,2.53040010399,1.0,1.0,2.269835201394,1183.150245229105,8,0.000646427443,-0.770514452281,6.756263437520,-23.465849552306,42.359379504208,-42.888703837138,21.875436077754,-3.066579781408,,,
73,poly_AHdist_l_3_sp2,,hbgd_AHdist,0.859666071693,2.53040010393,0.5,0.5,0.243250434056,1183.150245229104,8,0.000430951629,-0.513676301521,4.504175625014,-15.643899701538,28.239586336138,-28.592469224759,14.583624051836,-2.211053187605,,,
74,poly_AHdist_l_4,,hbgd_AHdist,0.838962547745,2.50969658003,1.0,1.0,1.452203370138,1183.129550956859,8,0.000646427438,-0.770420768924,6.660555069242,-22.771411092607,40.444899407328,-40.317490936046,20.153184932718,-2.631693181104,,,
75,poly_AHdist_l_4_sp2,,hbgd_AHdist,0.838962547745,2.50969658009,0.5,0.5,0.222546910056,1183.129550956859,8,0.000430951625,-0.513613845949,4.440370046161,-15.180940728405,26.963266271552,-26.878327290697,13.435456621812,-1.921128787403,,,
76,poly_AHdist_l_5,,hbgd_AHdist,0.911387987761,2.58212201999,1.0,1.0,2.321557117458,1183.201967999905,8,0.000646427443,-0.770748493536,6.995414655626,-25.244005837095,47.397047329479,-49.847508553310,26.665192680790,-4.318784719891,,,
77,poly_AHdist_l_5_sp2,,hbgd_AHdist,0.91138798776,2.58212201988,0.5,0.5,0.294972350112,1183.201967999905,8,0.000430951629,-0.513832329024,4.663609770418,-16.829337224730,31.598031552986,-33.231672368873,17.776795120526,-3.045856479928,,,
78,poly_AHdist_l_6,,hbgd_AHdist,0.734534763352,2.40526879563,1.0,1.0,1.347775585742,1183.025121674690,8,0.000646427439,-0.769948234038,6.177983102899,-19.419673734917,31.641827263804,-29.062256421463,12.956001533974,-0.923377094477,,,
79,poly_AHdist_l_6_sp2,,hbgd_AHdist,0.734534763353,2.40526879561,0.5,0.5,0.118119125655,1183.025121674691,8,0.000430951626,-0.513298822692,4.118655401933,-12.946449156611,21.094551509203,-19.374837614309,8.637334355983,-0.782251396318,,,
80,poly_AHdist_l_dOH_1,,hbgd_AHdist,0.658962547748,2.32969657999,1.0,1.0,1.272203370138,1182.949547925707,8,0.000646427440,-0.769606270372,5.828940468134,-17.151204075483,26.117665135760,-22.527692789657,9.073007558150,-0.097204105302,,,
81,poly_AHdist_l_dOH_1_sp2,,hbgd_AHdist,0.658962547747,2.32969657997,0.5,0.5,0.042546910056,1182.949547925707,8,0.000430951627,-0.513070846915,3.885960312089,-11.434136050322,17.411776757173,-15.018461859772,6.048671705433,-0.231469403535,,,
82,poly_AHdist_l_dOH_2,,hbgd_AHdist,0.67196254775,2.34269657998,1.0,1.0,1.285203370138,1182.962547985703,8,0.000646427440,-0.769665095267,5.888972051373,-17.532036207419,27.019412473995,-23.563801442121,9.672120785595,-0.219018256115,,,
83,poly_AHdist_l_dOH_2_sp2,,hbgd_AHdist,0.67196254775,2.34269657998,0.5,0.5,0.055546910049,1182.962547985702,8,0.000430951627,-0.513110063512,3.925981367582,-11.688024138280,18.012941649330,-15.709200961414,6.448080523730,-0.312678837410,,,
84,poly_AHdist_l_dOH_3,,hbgd_AHdist,0.77696254775,2.44769658,1.0,1.0,1.390203370138,1183.067553797629,8,0.000646427437,-0.770140219394,6.374010725274,-20.751056090056,35.049949269778,-33.304236250397,15.599006234796,-1.527867418050,,,
85,poly_AHdist_l_dOH_3_sp2,,hbgd_AHdist,0.77696254775,2.4476965801,0.5,0.5,0.160546910039,1183.067553797628,8,0.000430951624,-0.513426812929,4.249340483516,-13.834037393371,23.366632846519,-22.202824166932,10.399337489864,-1.185244945367,,,
86,poly_AHdist_l_dOH_4,,hbgd_AHdist,0.564534763352,2.23526879563,1.0,1.0,1.177775585742,1182.855122873939,8,0.000646427438,-0.769178985378,5.393028220958,-14.502049500386,20.146250023783,-15.998415732122,5.461689091894,0.579339350600,,,
87,poly_AHdist_l_dOH_4_sp2,,hbgd_AHdist,0.564534763352,2.23526879557,0.5,0.5,-0.051880874345,1182.855122873939,8,0.000430951626,-0.512785990252,3.595352147305,-9.668033000258,13.430833349189,-10.665610488081,3.641126061263,0.219559567066,,,
88,poly_AHdist_m_2,,hbgd_AHdist,1.03988836556,2.57039631836,1.0,1.0,1.536043453802,396658481809.817382812500,8,0.000000000003,-1.332971661653,12.753737156009,-49.350972636486,100.317113513902,-113.764275149294,66.378274845462,-13.925869494502,,,
89,poly_AHdist_m_2_sp2,,hbgd_AHdist,1.03988834368,2.57039626891,0.5,0.5,0.450099827997,396658481809.817382812500,8,0.000000000002,-0.888647774435,8.502491437339,-32.900648424324,66.878075675935,-75.842850099529,44.252183230308,-9.450579663001,,,
90,poly_AHdist_m_3,,hbgd_AHdist,0.998174834602,2.5286825825,1.0,1.0,1.494329828810,181491215278.710113525391,8,0.000000000007,-1.332971661713,12.420118897752,-46.725742403043,92.302670220961,-101.716546980821,57.396767101978,-11.347811992258,,,
91,poly_AHdist_m_3_sp2,,hbgd_AHdist,0.998174841234,2.52868260881,0.5,0.5,0.408386220128,181491215278.710144042969,8,0.000000000005,-0.888647774475,8.280079265168,-31.150494935362,61.535113480640,-67.811031320547,38.264511401318,-7.731874661505,,,
92,poly_AHdist_m_4,,hbgd_AHdist,0.977471238715,2.50797917319,1.0,1.0,1.473626131387,116852641037.562728881836,8,0.000000000011,-1.332971661773,12.254535633740,-45.448611651299,88.486120620364,-96.102646814459,53.302030636029,-10.202285432644,,,
93,poly_AHdist_m_4_sp2,,hbgd_AHdist,0.977471221757,2.50797916496,0.5,0.5,0.387682706632,116852641037.562728881836,8,0.000000000008,-0.888647774515,8.169690422493,-30.299074434199,58.990747080243,-64.068431209639,35.534687090686,-6.968190288430,,,
94,poly_AHdist_m_5,,hbgd_AHdist,1.04989702332,2.58040403541,1.0,1.0,1.546052173745,677295811118.303100585938,8,0.000000000002,-1.332971661629,12.833781987574,-49.991192755574,102.305596264726,-116.806080020209,68.685796865779,-14.601700854492,,,
95,poly_AHdist_m_5_sp2,,hbgd_AHdist,1.04989737015,2.58040370399,0.5,0.5,0.460108149736,677295811118.303100585938,8,0.000000000001,-0.888647774419,8.555854658382,-33.327461837050,68.203730843150,-77.870720013473,45.790531243852,-9.901133902995,,,
96,poly_AHdist_m_6,,hbgd_AHdist,0.873043432666,2.4035514225,1.0,1.0,1.369198285547,526949214181.665100097656,8,0.000000000003,-1.332971661642,11.419339969218,-39.268085705635,70.807746509892,-71.217988028298,35.925483666550,-5.588573658619,,,
97,poly_AHdist_m_6_sp2,,hbgd_AHdist,0.873043432666,2.4035514225,0.5,0.5,0.283254912810,526949214181.665100097656,8,0.000000000002,-0.888647774428,7.612893312812,-26.178723803757,47.205164339928,-47.478658685532,23.950322444366,-3.892382439080,,,
98,poly_AHdist_m_dOH_1,,hbgd_AHdist,0.797471168154,2.32797929796,1.0,1.0,1.293626105927,168173734355.661956787109,8,0.000000000008,-1.332971661709,10.814926238740,-35.067353807603,59.578111960332,-56.461656769288,26.308513855587,-3.251034513242,,,
99,poly_AHdist_m_dOH_1_sp2,,hbgd_AHdist,0.797471198803,2.32797923256,0.5,0.5,0.207682699205,168173734355.661987304688,8,0.000000000005,-0.888647774473,7.209950825826,-23.378235871735,39.718741306888,-37.641104512858,17.539009237058,-2.334023008828,,,
100,poly_AHdist_m_dOH_2,,hbgd_AHdist,0.810471235762,2.34097918207,1.0,1.0,1.306626072582,165814467854.296661376953,8,0.000000000008,-1.332971661712,10.918898028366,-35.773703096334,61.419950154558,-58.820999607643,27.807032753757,-3.602719112082,,,
101,poly_AHdist_m_dOH_2_sp2,,hbgd_AHdist,0.810471214344,2.34097916751,0.5,0.5,0.220682704385,165814467854.296661376953,8,0.000000000005,-0.888647774474,7.279265352244,-23.849135397556,40.946633436372,-39.213999738429,18.538021835838,-2.568479408055,,,
102,poly_AHdist_m_dOH_3,,hbgd_AHdist,0.915471279954,2.44597911122,1.0,1.0,-277033159123.213256835938,1.411626092494,8,-0.000000000005,-1.332971661530,11.758670174085,-41.726564745839,77.679575581112,-80.663544603087,42.363295717984,-7.246549798168,,,
103,poly_AHdist_m_dOH_3_sp2,,hbgd_AHdist,0.915471257387,2.44597916805,0.5,0.5,-277033159123.213256835938,0.325682701266,8,-0.000000000003,-0.888647774353,7.839113449390,-27.817709830559,51.786383720741,-53.775696402058,28.242197145323,-4.997699865445,,,
104,poly_AHdist_m_dOH_4,,hbgd_AHdist,0.703043429387,2.2335514343,1.0,1.0,1.199198302677,455989081163.267089843750,8,0.000000000003,-1.332971661641,10.059708874339,-30.139489947045,47.274659685457,-41.370790865505,17.125255095995,-1.222770720230,,,
105,poly_AHdist_m_dOH_4_sp2,,hbgd_AHdist,0.703043480204,2.23355134989,0.5,0.5,0.113254915969,455989081163.267089843750,8,0.000000000002,-0.888647774427,6.706472582893,-20.092993298030,31.516439790305,-27.580527243670,11.416836730664,-0.981847146820,,,
106,poly_AHdist_n_2,,hbgd_AHdist,0.922896434132,2.5992579654,1.0,1.0,1.490005079018,6.734605007572,8,0.315029569497,-5.146283773982,31.985908770295,-101.263141315320,180.124531207667,-182.121604280568,95.734995728953,-18.776304075259,,,
107,poly_AHdist_n_2_sp2,,hbgd_AHdist,0.922896434132,2.59925796539,0.5,0.5,0.451464892060,6.734651377397,8,0.210019712998,-3.430855849321,21.323939180196,-67.508760876880,120.083020805112,-121.414402853712,63.823330485968,-12.684202716839,,,
108,poly_AHdist_n_3,,hbgd_AHdist,0.881182836849,2.55754436808,1.0,1.0,1.448291481716,6.692891410531,8,0.315029569463,-5.054296657278,30.709400054047,-94.725424291387,163.777456909327,-160.614896335252,81.452444852640,-15.086977671093,,,
109,poly_AHdist_n_3_sp2,,hbgd_AHdist,0.881182836848,2.55754436818,0.5,0.5,0.409751294683,6.692937780356,8,0.210019712975,-3.369531104852,20.472933369365,-63.150282860925,109.184971272884,-107.076597556835,54.301629901760,-10.224651780729,,,
110,poly_AHdist_n_4,,hbgd_AHdist,0.860479312907,2.53684084413,1.0,1.0,1.427587957759,6.672187886695,8,0.315029569447,-5.008641101375,30.084385233704,-91.578859235139,156.063593011207,-150.683489790891,75.009124450423,-13.468034218401,,,
111,poly_AHdist_n_4_sp2,,hbgd_AHdist,0.860479312908,2.5368408443,0.5,0.5,0.389047770685,6.672234256520,8,0.210019712964,-3.339094067583,20.056256822469,-61.052572823426,104.042395340805,-100.455659860594,50.006082966949,-9.145356145600,,,
112,poly_AHdist_n_5,,hbgd_AHdist,0.932904752885,2.60926628419,1.0,1.0,1.500013397781,6.744613326475,8,0.315029569482,-5.168354188232,32.295605323027,-102.871510493714,184.210568830375,-187.591015895281,99.434992836948,-19.752874495633,,,
113,poly_AHdist_n_5_sp2,,hbgd_AHdist,0.932904752885,2.60926628411,0.5,0.5,0.461473210821,6.744659696300,8,0.210019712988,-3.445569458821,21.530403548685,-68.581006995809,122.807045886917,-125.060677263520,66.289995224632,-13.335249663756,,,
114,poly_AHdist_n_6,,hbgd_AHdist,0.756051528515,2.4324130597,1.0,1.0,1.323160173363,6.567760102219,8,0.315029569456,-4.778356221792,27.018281895299,-76.677374943452,120.978068779070,-107.449708814307,48.244092336637,-7.111023546035,,,
115,poly_AHdist_n_6_sp2,,hbgd_AHdist,0.756051528515,2.43241305987,0.5,0.5,0.284619986293,6.567806472044,8,0.210019712970,-3.185570814528,18.012187930199,-51.118249962302,80.652045852713,-71.633139209538,32.162728224425,-4.907349030690,,,
116,poly_AHdist_n_dOH_1,,hbgd_AHdist,0.680479312901,2.3568408441,1.0,1.0,1.247587957759,6.492187886522,8,0.315029569469,-4.611703844158,24.889398964833,-66.872808268980,99.301521977997,-82.535176461090,33.948401167015,-4.028993613567,,,
117,poly_AHdist_n_dOH_1_sp2,,hbgd_AHdist,0.680479312902,2.35684084419,0.5,0.5,0.209047770721,6.492234256347,8,0.210019712979,-3.074469229439,16.592932643222,-44.581872179320,66.201014651998,-55.023450974060,22.632267444677,-2.852662409044,,,
118,poly_AHdist_n_dOH_2,,hbgd_AHdist,0.693479312912,2.36984084417,1.0,1.0,1.260587957759,6.505187886676,8,0.315029569448,-4.640371534708,25.250229903100,-68.502334090511,102.821174037147,-86.476293635426,36.145252864576,-4.484491357052,,,
119,poly_AHdist_n_dOH_2_sp2,,hbgd_AHdist,0.693479312912,2.3698408441,0.5,0.5,0.222047770680,6.505234256500,8,0.210019712966,-3.093581023139,16.833486602066,-45.668222727008,68.547449358098,-57.650862423617,24.096835243051,-3.156327571368,,,
120,poly_AHdist_n_dOH_3,,hbgd_AHdist,0.798479312916,2.47484084404,1.0,1.0,1.365587957759,6.610187886647,8,0.315029569453,-4.871918268313,28.246601191396,-82.538870247050,134.484768627555,-123.697240868306,58.038989125145,-9.360827435458,,,
121,poly_AHdist_n_dOH_3_sp2,,hbgd_AHdist,0.798479312915,2.47484084423,0.5,0.5,0.327047770684,6.610234256471,8,0.210019712968,-3.247945512209,18.831067460931,-55.025913498033,89.656512418370,-82.464827245538,38.692659416763,-6.407218290305,,,
122,poly_AHdist_n_dOH_4,,hbgd_AHdist,0.586051528497,2.26241305974,1.0,1.0,1.153160173363,6.397760102128,8,0.315029569470,-4.403471034333,22.335549995862,-55.729081848303,76.185425063511,-57.778267008867,20.801938309036,-1.480778728354,,,
123,poly_AHdist_n_dOH_4_sp2,,hbgd_AHdist,0.586051528498,2.26241305974,0.5,0.5,0.114619986343,6.397806471953,8,0.210019712980,-2.935647356222,14.890366663908,-37.152721232202,50.790283375674,-38.518844672578,13.867958872691,-1.153852485569,,,
124,poly_AHdist_o_2,,hbgd_AHdist,1.45826399914,2.74967291861,1.0,1.0,-56391543277.114067077637,1.680878418871,8,-0.000000000103,-5.780760518465,75.284981521545,-405.841633905450,1155.900103571168,-1825.888490971138,1507.120428734773,-504.066799777830,,,
125,poly_AHdist_o_2_sp2,,hbgd_AHdist,1.45826420683,2.7496722363,0.5,0.5,-56391543277.114067077637,1.126591736044,8,-0.000000000068,-3.853840345644,50.189987681030,-270.561089270300,770.600069047445,-1217.258993980759,1004.746952489849,-336.211199851886,,,
126,poly_AHdist_o_3,,hbgd_AHdist,1.41655054054,2.70795953043,1.0,1.0,1.639165366232,32129057679.687103271484,8,0.000000000180,-5.780760522700,73.838163649797,-390.290476934120,1089.485231053040,-1685.420901141032,1360.708863918388,-444.293796297533,,,
127,poly_AHdist_o_3_sp2,,hbgd_AHdist,1.41655021732,2.70796128384,0.5,0.5,1.084878015158,32129057679.687103271484,8,0.000000000120,-3.853840348467,49.225442433198,-260.193651289414,726.323487368693,-1123.613934094021,907.139242612258,-296.362530865022,,,
128,poly_AHdist_o_4,,hbgd_AHdist,1.39584700162,2.68725571681,1.0,1.0,1.618461269496,59282277543.668304443359,8,0.000000000098,-5.780760521460,73.120070958397,-382.684093580564,1057.479148922183,-1618.749568731447,1292.307750850004,-416.835162672093,,,
129,poly_AHdist_o_4_sp2,,hbgd_AHdist,1.39584689986,2.68725694518,0.5,0.5,1.064174655929,59282277543.668304443359,8,0.000000000065,-3.853840347640,48.746713972265,-255.122729053709,704.986099281455,-1079.166379154298,861.538500566669,-278.056775114728,,,
130,poly_AHdist_o_5,,hbgd_AHdist,1.46827248186,2.75968088009,1.0,1.0,-55245035015.796653747559,1.690886444290,8,-0.000000000105,-5.780760518371,75.632115684360,-409.617699939653,1172.222799508381,-1860.839006914820,1544.017555215377,-519.334597061369,,,
131,poly_AHdist_o_5_sp2,,hbgd_AHdist,1.46827264987,2.75968018032,0.5,0.5,-55245035015.796653747559,1.136599867665,8,-0.000000000070,-3.853840345580,50.421410456240,-273.078466626435,781.481866338921,-1240.559337943213,1029.345036810251,-346.389731374246,,,
132,poly_AHdist_o_6,,hbgd_AHdist,1.29141933102,2.58282724975,1.0,1.0,-72240498769.995620727539,1.514032934444,8,-0.000000000080,-5.780760518860,69.498038862954,-345.450860468374,905.469940242508,-1311.675966656100,987.118675517373,-298.375403926243,,,
133,poly_AHdist_o_6_sp2,,hbgd_AHdist,1.29141962838,2.58282597058,0.5,0.5,-72240498769.995620727539,0.959746732740,8,-0.000000000053,-3.853840345906,46.332025908636,-230.300573645582,603.646626828338,-874.450644437400,658.079117011582,-199.083602617495,,,
134,poly_AHdist_o_dOH_1,,hbgd_AHdist,1.21584709491,2.50725507878,1.0,1.0,-30997903563.102706909180,1.438461264437,8,-0.000000000186,-5.780760517428,66.876849572614,-319.685479259661,804.963236493747,-1117.931279588082,803.794863503766,-230.888141663550,,,
135,poly_AHdist_o_dOH_1_sp2,,hbgd_AHdist,1.21584730194,2.50725364944,0.5,0.5,-30997903563.102706909180,0.884174618147,8,-0.000000000124,-3.853840344952,44.584566381743,-213.123652839774,536.642157662498,-745.287519725388,535.863242335844,-154.092094442367,,,
136,poly_AHdist_o_dOH_2,,hbgd_AHdist,1.22884711123,2.52025546195,1.0,1.0,-78368445579.027465820312,1.451461546810,8,-0.000000000074,-5.780760518996,67.327748902373,-324.047128740258,821.700157355872,-1149.650478713822,833.272012133412,-241.528182945349,,,
137,poly_AHdist_o_dOH_2_sp2,,hbgd_AHdist,1.2288473682,2.52025347886,0.5,0.5,-78368445579.027465820312,0.897174558062,8,-0.000000000049,-3.853840345997,44.885165934915,-216.031419160172,547.800104903914,-766.433652475881,555.514674755608,-161.185455296899,,,
138,poly_AHdist_o_dOH_3,,hbgd_AHdist,1.33384710029,2.62525505434,1.0,1.0,-83909617817.838241577148,1.556461600813,8,-0.000000000069,-5.780760519023,70.969628029894,-360.350190186994,965.356674806001,-1430.711688532445,1103.418206924485,-342.688116562640,,,
139,poly_AHdist_o_dOH_3_sp2,,hbgd_AHdist,1.3338470182,2.62525521692,0.5,0.5,-83909617817.838241577148,1.002174495910,8,-0.000000000046,-3.853840346016,47.313085353262,-240.233460124663,643.571116537334,-953.807792354964,735.612137949657,-228.625411041760,,,
140,poly_AHdist_o_dOH_4,,hbgd_AHdist,1.12141901927,2.41283002885,1.0,1.0,1.344033393505,110120037769.719390869141,8,0.000000000052,-5.780760520691,63.601663143237,-288.883487148544,690.080270877575,-906.445459975824,613.149592966269,-164.302886534218,,,
141,poly_AHdist_o_dOH_4_sp2,,hbgd_AHdist,1.12141932536,2.41282739587,0.5,0.5,0.789746826399,110120037769.719390869141,8,0.000000000035,-3.853840347127,42.401108762158,-192.588991432363,460.053513918383,-604.296973317216,408.766395310846,-109.701924356145,,,
142,poly_AHdist_p_2,,hbgd_AHdist,1.48162588525,44096577118.8,1.0,1.0,1.688454804114,44024896482.763832092285,8,0.000000000215,-9.480764083315,121.886342106304,-647.637071820276,1817.096860557371,-2830.299180839508,2310.137832453128,-767.749352587713,,,
143,poly_AHdist_p_2_sp2,,hbgd_AHdist,1.48162690776,43892426298.8,0.5,0.5,1.166549842779,44024896482.763832092285,8,0.000000000144,-6.320509388876,81.257561404203,-431.758047880184,1211.397907038247,-1886.866120559672,1540.091888302085,-511.999568391809,,,
144,poly_AHdist_p_3,,hbgd_AHdist,1.43991410616,-1,1.0,1.0,-42621953431.674118041992,1.646737978237,8,-0.000000000222,-9.480764076590,119.513481412893,-622.462934096729,1711.142861259850,-2609.579627626489,2083.313098248638,-676.180038082177,,,
145,poly_AHdist_p_3_sp2,,hbgd_AHdist,1.4399129449,-1,0.5,0.5,-42621953431.674118041992,1.124836317863,8,-0.000000000148,-6.320509384393,79.675654275262,-414.975289397819,1140.761907506567,-1739.719751750992,1388.875398832425,-450.953358721451,,,
146,poly_AHdist_p_4,,hbgd_AHdist,1.41921004335,-1,1.0,1.0,-270435370788.556884765625,1.626037296848,8,-0.000000000035,-9.480764079544,118.335770074980,-610.152139976116,1660.104751327113,-2504.889846095595,1977.436495449288,-634.151603762751,,,
147,poly_AHdist_p_4_sp2,,hbgd_AHdist,1.41921131045,-1,0.5,0.5,-270435370788.556854248047,1.104133010154,8,-0.000000000023,-6.320509386363,78.890513383320,-406.768093317410,1106.736500884742,-1669.926564063730,1318.290996966192,-422.934402508500,,,
148,poly_AHdist_p_5,,hbgd_AHdist,1.49163425715,-1,1.0,1.0,-27946480320.208415985107,1.698461540831,8,-0.000000000339,-9.480764074822,122.455661105381,-653.750703262678,1843.146172474260,-2885.247886479349,2367.339544421488,-791.155277448427,,,
149,poly_AHdist_p_5_sp2,,hbgd_AHdist,1.49163568504,-1,0.5,0.5,-27946480320.208415985107,1.176558216804,8,-0.000000000226,-6.320509383215,81.637107403588,-435.833802175119,1228.764114982840,-1923.498590986233,1578.226362947659,-527.603518298951,,,
150,poly_AHdist_p_6,,hbgd_AHdist,1.31478129082,-1,1.0,1.0,-112174264059.180068969727,1.521611191438,8,-0.000000000085,-9.480764078872,112.395438947575,-549.915267588477,1417.926180178186,-2023.398813204329,1505.877724186561,-453.149094782163,,,
151,poly_AHdist_p_6_sp2,,hbgd_AHdist,1.31478115016,-1,0.5,0.5,-112174264059.180068969727,0.999704918238,8,-0.000000000056,-6.320509385914,74.930292631717,-366.610178392318,945.284120118790,-1348.932542136219,1003.918482791041,-302.266063188109,,,
152,poly_AHdist_p_dOH_1,,hbgd_AHdist,1.23920856643,4.74038204e+12,1.0,1.0,1.446035416583,4396811213405.979980468750,8,0.000000000002,-9.480764080015,108.096544870988,-508.257598255620,1258.030163730781,-1720.294802183590,1223.415075620986,-350.308210108177,,,
153,poly_AHdist_p_dOH_1_sp2,,hbgd_AHdist,1.23920201896,6.32050938666e+12,0.5,0.5,0.924132866102,4396811213405.979980468750,8,0.000000000001,-6.320509386676,72.064363247326,-338.838398837080,838.686775820521,-1146.863201455727,815.610050413991,-233.705473405451,,,
154,poly_AHdist_p_dOH_2,,hbgd_AHdist,1.25220976823,-1,1.0,1.0,-106486041252.274856567383,1.459036090063,8,-0.000000000089,-9.480764078749,108.836044461829,-515.307907385562,1284.642658541269,-1769.875730667306,1268.785043766655,-366.506114354052,,,
155,poly_AHdist_p_dOH_2_sp2,,hbgd_AHdist,1.25220986354,-1,0.5,0.5,-106486041252.274856567383,0.937132767493,8,-0.000000000059,-6.320509385833,72.557362974552,-343.538604923708,856.428439027513,-1179.917153778204,845.856695844437,-244.504076236035,,,
156,poly_AHdist_p_dOH_3,,hbgd_AHdist,1.35720949585,-1,1.0,1.0,-57378722324.822753906250,1.564036687797,8,-0.000000000165,-9.480764077690,114.808925826026,-574.014712071817,1513.290656909034,-2209.902985307697,1685.401507844112,-520.792596092985,,,
157,poly_AHdist_p_dOH_3_sp2,,hbgd_AHdist,1.35721053387,-1,0.5,0.5,-57378722324.822753906250,1.042132727287,8,-0.000000000110,-6.320509385126,76.539283884017,-382.676474714545,1008.860437939356,-1473.268656871798,1123.601005229408,-347.361730728656,,,
158,poly_AHdist_p_dOH_4,,hbgd_AHdist,1.14478214845,-1,1.0,1.0,-92413310751.278182983398,1.351608654701,8,-0.000000000103,-9.480764078634,102.725059584633,-458.489055702109,1075.534500176060,-1390.208557208636,930.510684839780,-249.103401072872,,,
159,poly_AHdist_p_dOH_4_sp2,,hbgd_AHdist,1.14478176566,-1,0.5,0.5,-92413310751.278198242188,0.829705029662,8,-0.000000000068,-6.320509385756,68.483373056422,-305.659370468073,717.023000117373,-926.805704805757,620.340456559853,-166.235600715248,,,
160,poly_AHdist_q_1,,hbgd_AHdist,1.51600115577,2.83544874425,1.0,1.0,1.719484640132,5771453520.431144714355,9,-0.000000001659,9.576962968528,-153.567217068728,1046.231905458231,-3924.948200394643,8752.094625255946,-11587.313336022122,8418.334808115893,-2582.472409660069,,
161,poly_AHdist_q_2,,hbgd_AHdist,1.48291748232,2.80245632645,1.0,1.0,1.686409940534,12071114823.681907653809,9,-0.000000000793,9.576962953124,-151.349760420354,1015.974468588681,-3754.424025107117,8244.124917211579,-10744.217847254060,7679.947263897619,-2316.382769457770,,
162,poly_AHdist_q_2_sp2,,hbgd_AHdist,1.48292121354,2.80242060556,0.5,0.5,1.249249770447,12071114823.681907653809,9,-0.000000000529,6.384641968749,-100.899840280236,677.316312392454,-2502.949350071412,5496.083278141052,-7162.811898169373,5119.964842598412,-1544.421846305180,,
163,poly_AHdist_q_3,,hbgd_AHdist,1.4412097342,2.76068312714,1.0,1.0,1.644705116549,23694243652.519512176514,9,-0.000000000404,9.576962946726,-148.553333346584,978.444357773395,-3546.450229896569,7635.142298177666,-9751.007684753980,6825.547482424098,-2014.132600085322,,
164,poly_AHdist_q_3_sp2,,hbgd_AHdist,1.4412024761,2.76076288628,0.5,0.5,1.207535720927,23694243652.519512176514,9,-0.000000000269,6.384641964484,-99.035555564389,652.296238515597,-2364.300153264379,5090.094865451777,-6500.671789835987,4550.364988282732,-1342.921733390215,,
165,poly_AHdist_q_4,,hbgd_AHdist,1.42050230847,2.7400104079,1.0,1.0,-4252353894.599689960480,1.623994528726,9,0.000000002252,9.576962902167,-147.165394851423,960.077097110530,-3446.116150327141,7345.613882979159,-9285.819019215875,6431.480132203092,-1876.932237080211,,
166,poly_AHdist_q_4_sp2,,hbgd_AHdist,1.42050210546,2.74001815535,0.5,0.5,-4252353894.599689960480,1.186832182353,9,0.000000001501,6.384641934778,-98.110263234282,640.051398073687,-2297.410766884761,4897.075921986106,-6190.546012810582,4287.653421468727,-1251.454824720141,,
167,poly_AHdist_q_5,,hbgd_AHdist,1.49292848732,2.81242799316,1.0,1.0,-2002331057.313606023788,1.696419022166,9,0.000000004783,9.576962855715,-152.020704768172,1025.083150403461,-3805.492736943260,8395.447496205752,-10994.013934665541,7897.502829777582,-2394.330640170752,,
168,poly_AHdist_q_5_sp2,,hbgd_AHdist,1.49292960046,2.81242233616,0.5,0.5,-2002331057.313606023788,1.259258083484,9,0.000000003189,6.384641903810,-101.347136512115,683.388766935641,-2536.995157962173,5596.964997470501,-7329.342623110360,5265.001886518387,-1596.387093447168,,
169,poly_AHdist_q_6,,hbgd_AHdist,1.31607462796,2.6355972717,1.0,1.0,-9231387536.423234939575,1.519567695098,9,0.000000001037,9.576962922465,-140.164687851103,870.061365808153,-2968.513749001392,6007.518768637615,-7199.369849714248,4717.262671967776,-1298.603267037135,,
170,poly_AHdist_q_6_sp2,,hbgd_AHdist,1.31607055883,2.63563778295,0.5,0.5,-9231387536.423234939575,1.082404606610,9,0.000000000692,6.384641948310,-93.443125234069,580.040910538768,-1979.009166000928,4005.012512425076,-4799.579899809498,3144.841781311850,-865.902178024757,,
171,poly_AHdist_q_dOH_1,,hbgd_AHdist,1.24050316271,2.56000450445,1.0,1.0,-4703135727.890270233154,1.443992047419,9,0.000000002036,9.576962908703,-135.098421614139,807.654636308696,-2651.614295331934,5158.661735733978,-5935.400128827307,3727.062642643118,-980.727857943864,,
172,poly_AHdist_q_dOH_1_sp2,,hbgd_AHdist,1.24050281274,2.56001234772,0.5,0.5,-4703135727.890270233154,1.006832634111,9,0.000000001358,6.384641939135,-90.065614409426,538.436424205797,-1767.742863554623,3439.107823822652,-3956.933419218204,2484.708428428745,-653.985238629243,,
173,poly_AHdist_q_dOH_2,,hbgd_AHdist,1.25349884208,2.57304522296,1.0,1.0,1.456992506515,92770192874.233932495117,9,-0.000000000103,9.576962941752,-135.969925462408,818.226302684380,-2704.455059597868,5297.916564161942,-6139.294478218292,3884.021906891171,-1030.194164836896,,
174,poly_AHdist_q_dOH_2_sp2,,hbgd_AHdist,1.25350354923,2.5729850771,0.5,0.5,1.019832906874,92770192874.233947753906,9,-0.000000000069,6.384641961168,-90.646616974939,545.484201789587,-1802.970039731912,3531.944376107961,-4092.862985478861,2589.347937927447,-686.962776557930,,
175,poly_AHdist_q_dOH_3,,hbgd_AHdist,1.35849204911,2.6780793382,1.0,1.0,1.562005909868,635982055548.483886718750,9,-0.000000000015,9.576962939991,-143.008993208626,906.104661995234,-3156.897923326897,6527.185925393704,-7996.760365215122,5361.533098186454,-1512.174541923916,,
176,poly_AHdist_q_dOH_3_sp2,,hbgd_AHdist,1.35851014246,2.67792333886,0.5,0.5,1.124836176606,635982055548.483764648438,9,-0.000000000010,6.384641959994,-95.339328805751,604.069774663490,-2104.598615551265,4351.457283595802,-5331.173576810081,3574.355398790970,-1008.283027949277,,
177,poly_AHdist_q_dOH_4,,hbgd_AHdist,1.14607713271,2.46554646531,1.0,1.0,-82591799126.152740478516,1.349565918578,9,0.000000000116,9.576962939009,-128.768102079070,732.905643417724,-2288.076174600384,4226.884530466277,-4609.256896898948,2735.507198466815,-677.574601941713,,
178,poly_AHdist_q_dOH_4_sp2,,hbgd_AHdist,1.14607525836,2.46556912338,0.5,0.5,-82591799126.152725219727,0.912404808354,9,0.000000000077,6.384641959339,-85.845401386047,488.603762278483,-1525.384116400256,2817.923020310851,-3072.837931265965,1823.671465644543,-451.883067961142,,
179,poly_AHdist_r_1,,hbgd_AHdist,1.51572516896,2.85707043112,1.0,1.0,-4535220971.598656654358,1.718034681489,9,0.000000001926,8.734269585576,-141.849495167902,977.662358644300,-3705.984423877721,8339.716310413578,-11128.796164365176,8139.252788463917,-2510.614914024154,,
180,poly_AHdist_r_1_sp2,,hbgd_AHdist,1.51572739398,2.85704276155,0.5,0.5,-4535220971.598656654358,1.281734686404,9,0.000000001284,5.822846390384,-94.566330111934,651.774905762867,-2470.656282585147,5559.810873609052,-7419.197442910117,5426.168525642611,-1673.909942682769,,
181,poly_AHdist_r_2,,hbgd_AHdist,1.48264769753,2.82399850816,1.0,1.0,-3054958705.869697093964,1.684959101652,9,0.000000002859,8.734269569469,-139.827156303516,949.711099227719,-3546.609466511358,7859.975695515194,-10325.208875650795,7429.875944516661,-2253.269535844724,,
182,poly_AHdist_r_2_sp2,,hbgd_AHdist,1.48264657511,2.82400486667,0.5,0.5,-3054958705.869697093964,1.248657068243,9,0.000000001906,5.822846379646,-93.218104202344,633.140732818479,-2364.406311007572,5239.983797010129,-6883.472583767196,4953.250629677774,-1502.346357229816,,
183,poly_AHdist_r_3,,hbgd_AHdist,1.44093403409,2.78228980264,1.0,1.0,1.643243507701,9018700691.673301696777,9,-0.000000000968,8.734269636582,-137.276792173161,915.034093825054,-3352.157491276624,7284.531496134834,-9377.949421107438,6608.486965261256,-1960.748918080892,,
184,poly_AHdist_r_3_sp2,,hbgd_AHdist,1.44093406805,2.7822852847,0.5,0.5,1.206943630634,9018700691.673301696777,9,-0.000000000646,5.822846424388,-91.517861448774,610.022729216703,-2234.771660851082,4856.354330756556,-6251.966280738292,4405.657976840837,-1307.332612053928,,
185,poly_AHdist_r_4,,hbgd_AHdist,1.42023064193,2.76158048468,1.0,1.0,1.622540560839,2417113153.731626033783,9,-0.000000003614,8.734269680812,-136.010981370668,898.060035265244,-3258.315256771805,7010.823465959472,-8934.043314694143,6229.422848036238,-1827.885643907779,,
186,poly_AHdist_r_4_sp2,,hbgd_AHdist,1.42023102764,2.76157763553,0.5,0.5,1.186240123397,2417113153.731626033783,9,-0.000000002409,5.822846453875,-90.673987580445,598.706690176829,-2172.210171181203,4673.882310639648,-5956.028876462762,4152.948565357492,-1218.757095938519,,
187,poly_AHdist_r_5,,hbgd_AHdist,1.49265914256,2.8339711727,1.0,1.0,-5748508974.604086875916,1.694966191963,9,0.000000001519,8.734269593554,-140.439063972459,958.126081081019,-3594.344922194458,8002.912190227844,-10563.345356063946,7638.928097582586,-2328.672258081155,,
188,poly_AHdist_r_5_sp2,,hbgd_AHdist,1.4926582138,2.83399449895,0.5,0.5,-5748508974.604085922241,1.258665776119,9,0.000000001013,5.822846395703,-93.626042648306,638.750720720679,-2396.229948129639,5335.274793485229,-7042.230237375964,5092.618731721724,-1552.614838720770,,
189,poly_AHdist_r_6,,hbgd_AHdist,1.31580389491,2.65714532635,1.0,1.0,-4782851771.779000282288,1.518112769481,9,0.000000001826,8.734269591144,-129.626277757992,814.840301493752,-2811.303348540289,5744.662351393241,-6940.876979049220,4578.542286048581,-1267.180578255160,,
190,poly_AHdist_r_6_sp2,,hbgd_AHdist,1.31580228822,2.65716035829,0.5,0.5,-4782851771.779000282288,1.081812448978,9,0.000000001217,5.822846394096,-86.417518505328,543.226867662502,-1874.202232360193,3829.774900928827,-4627.251319366146,3052.361524032387,-844.953718836773,,
191,poly_AHdist_r_7,,hbgd_AHdist,1.45580789854,2.7971135046,1.0,1.0,1.658111765425,44561214041.563072204590,9,-0.000000000196,8.734269624096,-138.185862218603,927.321401285316,-3420.640527409462,7485.932258112492,-9707.360486449117,6892.238290134443,-2061.105840891541,,
192,poly_AHdist_r_7_sp2,,hbgd_AHdist,1.45580052351,2.79715614624,0.5,0.5,1.221812673844,44561214041.563072204590,9,-0.000000000131,5.822846416064,-92.123908145735,618.214267523544,-2280.427018272974,4990.621505408328,-6471.573657632744,4594.825526756294,-1374.237227261028,,
193,poly_AHdist_r_1p96_sp2,,hbgd_AHdist,1.47580332074,2.81714648342,0.5,0.5,1.221812673844,44561214041.563072204590,9,0.000000014240,5.822846162728,-92.939104703232,629.318039975540,-2342.802796120835,5175.543257392138,-6776.533609997517,4859.750663900339,-1468.762652548031,,
194,poly_AHdist_r_1p95_sp2,,hbgd_AHdist,1.46580244169,2.80715617478,0.5,0.5,1.221812673844,44561214041.563072204590,9,-0.000000006288,5.822846525310,-92.531508236477,623.753933666912,-2311.476131274104,5082.458662062505,-6622.666773259341,4725.763350084497,-1420.837656280150,,
195,poly_AHdist_r_dOH_1,,hbgd_AHdist,1.24023063657,2.58158073876,1.0,1.0,-5835288906.809754371643,1.442540459429,9,0.000000001497,8.734269597064,-125.005801055189,757.110970528179,-2514.379718373046,4940.264516186694,-5731.347286856716,3623.170930229763,-958.420738609479,,
196,poly_AHdist_r_dOH_1_sp2,,hbgd_AHdist,1.24023108713,2.58157034461,0.5,0.5,-5835288906.809755325317,1.006240365723,9,0.000000000998,5.822846398042,-83.337200703460,504.740647018786,-1676.253145582031,3293.509677457796,-3820.898191237810,2415.447286819842,-639.113825739652,,
197,poly_AHdist_r_dOH_2,,hbgd_AHdist,1.25323121962,2.59457551171,1.0,1.0,-4163150817.295822620392,1.455540545177,9,0.000000002098,8.734269587683,-125.800619527440,766.892420705555,-2563.909492262092,5072.297279813013,-5926.583870702389,3774.712878230705,-1006.501484178614,,
198,poly_AHdist_r_dOH_2_sp2,,hbgd_AHdist,1.25323045306,2.59458435865,0.5,0.5,-4163150817.295822620392,1.019240128816,9,0.000000001399,5.822846391789,-83.867079684960,511.261613803703,-1709.272994841395,3381.531519875342,-3951.055913801592,2516.475252153803,-671.167656119076,,
199,poly_AHdist_r_dOH_3,,hbgd_AHdist,1.35823714926,2.69951628662,1.0,1.0,1.560527556824,96034581779.804290771484,9,-0.000000000091,8.734269622044,-132.220307931375,848.169013810694,-2987.686178468888,6236.638916778171,-7703.069577144244,5199.409705247650,-1474.380344524128,,
200,poly_AHdist_r_dOH_3_sp2,,hbgd_AHdist,1.35822908383,2.69957281283,0.5,0.5,1.124240990485,96034581779.804275512695,9,-0.000000000061,5.822846414696,-88.146871954250,565.446009207129,-1991.790785645925,4157.759277852114,-5135.379718096163,3466.273136831766,-983.086896349419,,
201,poly_AHdist_r_dOH_4,,hbgd_AHdist,1.14580299446,2.48714749192,1.0,1.0,-11676992133.188182830811,1.348112551847,9,0.000000000748,8.734269608857,-119.232497035481,687.922326710392,-2173.380183005973,4055.983167544963,-4460.144011626076,2664.752465076482,-663.431634268260,,
202,poly_AHdist_r_dOH_4_sp2,,hbgd_AHdist,1.14580287009,2.48715365073,0.5,0.5,-11676992133.188180923462,0.911812352237,9,0.000000000499,5.822846405905,-79.488331356988,458.614884473595,-1448.920122003982,2703.988778363308,-2973.429341084050,1776.501643384321,-442.454422845506,,
203,poly_AHdist_s_1,,hbgd_AHdist,1.51741053274,2.8877290225,1.0,1.0,1.715607581107,2.459867052714,8,9.820100837694,-160.403897349139,1110.659056392530,-4224.701006873632,9529.351533313817,-12734.237566701728,9320.583305646442,-2876.525782435413,,,
204,poly_AHdist_s_1_sp2,,hbgd_AHdist,1.51741053274,2.88772902272,0.5,0.5,1.293661119882,2.567762620747,8,6.546733891796,-106.935931566093,740.439370928353,-2816.467337915754,6352.901022209211,-8489.491711134484,6213.722203764294,-1917.850521623609,,,
205,poly_AHdist_s_2,,hbgd_AHdist,1.48433329245,2.85465178194,1.0,1.0,1.682530340826,2.426789812387,8,9.820100838380,-158.130144514408,1079.050375336661,-4043.633363857588,8982.421807001945,-11815.958110496194,8508.829777302426,-2581.819333849779,,,
206,poly_AHdist_s_2_sp2,,hbgd_AHdist,1.48433329245,2.8546517829,0.5,0.5,1.260583879599,2.534685380414,8,6.546733892253,-105.420096342939,719.366916891107,-2695.755575905059,5988.281204667963,-7877.305406997462,5672.553184868284,-1721.379555899853,,,
207,poly_AHdist_s_3,,hbgd_AHdist,1.44261969515,2.81293818429,1.0,1.0,1.640816743519,2.385076215120,8,9.820100838313,-155.262722389847,1039.832143778801,-3822.680306912133,8326.271059834338,-10733.330803423685,7568.788659166297,-2246.805627241722,,,
208,poly_AHdist_s_3_sp2,,hbgd_AHdist,1.44261969515,2.81293818421,0.5,0.5,1.218870282292,2.492971783156,8,6.546733892209,-103.508481593232,693.221429185867,-2548.453537941422,5550.847373222892,-7155.553868949123,5045.859106110865,-1498.037084827815,,,
209,poly_AHdist_s_4,,hbgd_AHdist,1.42191617119,2.7922346606,1.0,1.0,1.620113219554,2.364372691200,8,9.820100839113,-153.839547551217,1020.633625104758,-3716.034576228250,8014.128847331922,-10225.920724788515,7134.925190615670,-2094.632529787091,,,
210,poly_AHdist_s_4_sp2,,hbgd_AHdist,1.42191617119,2.79223466054,0.5,0.5,1.198166758341,2.472268259256,8,6.546733892742,-102.559698367478,680.422416736506,-2477.356384152167,5342.752564887947,-6817.280483192343,4756.616793743779,-1396.588353191394,,,
211,poly_AHdist_s_5,,hbgd_AHdist,1.49434161121,2.86466010026,1.0,1.0,1.692538659572,2.436798131209,8,9.820100838819,-158.818123416941,1088.566733263497,-4097.868699138294,9145.385714220351,-12088.095992368015,8748.061008857338,-2668.171022629996,,,
212,poly_AHdist_s_5_sp2,,hbgd_AHdist,1.49434161121,2.86466010014,0.5,0.5,1.270592198358,2.544693699236,8,6.546733892546,-105.878748944627,725.711155508998,-2731.912466092196,6096.923809480233,-8058.730661578677,5832.040672571558,-1778.947348419997,,,
213,poly_AHdist_s_6,,hbgd_AHdist,1.31748838679,2.68780687631,1.0,1.0,1.515685435157,2.259944906795,8,9.820100838936,-146.661107937300,926.491772112456,-3207.895303415599,6569.738587697295,-7947.020192950910,5245.039023762859,-1452.366362131168,,,
214,poly_AHdist_s_6_sp2,,hbgd_AHdist,1.31748838679,2.68780687627,0.5,0.5,1.093738973948,2.367840474824,8,6.546733892624,-97.774071958200,617.661181408304,-2138.596868943733,4379.825725131530,-5298.013461967274,3496.692682508572,-968.410908087446,,,
215,poly_AHdist_s_dOH_1,,hbgd_AHdist,1.24191617119,2.61223466084,1.0,1.0,1.440113219561,2.184372691153,8,9.820100838806,-141.466220489984,861.168510339090,-2870.225854698529,5651.686208266712,-6563.548367707964,4151.064424627097,-1098.640688607227,,,
216,poly_AHdist_s_dOH_1_sp2,,hbgd_AHdist,1.24191617119,2.61223466106,0.5,0.5,1.018166758340,2.292268259207,8,6.546733892537,-94.310813659989,574.112340226060,-1913.483903132352,3767.790805511141,-4375.698911805309,2767.376283084731,-732.593792404818,,,
217,poly_AHdist_s_dOH_2,,hbgd_AHdist,1.25491617119,2.62523466102,1.0,1.0,1.453113219555,2.197372691165,8,9.820100839099,-142.359849670893,872.237727104904,-2926.561179960314,5802.399553548751,-6786.893519656354,4324.607434098766,-1153.726264897295,,,
218,poly_AHdist_s_dOH_2_sp2,,hbgd_AHdist,1.2549161712,2.62523466051,0.5,0.5,1.031166758342,2.305268259163,8,6.546733892733,-94.906566447262,581.491818069936,-1951.040786640209,3868.266369032501,-4524.595679770902,2883.071622732511,-769.317509931530,,,
219,poly_AHdist_s_dOH_3,,hbgd_AHdist,1.35991617119,2.73023466052,1.0,1.0,1.558113219557,2.302372691170,8,9.820100839646,-149.577623795289,964.198031289767,-3408.426626775668,7131.057222628222,-8818.600834296476,5955.861979004827,-1689.719599075781,,,
220,poly_AHdist_s_dOH_3_sp2,,hbgd_AHdist,1.35991617119,2.73023466091,0.5,0.5,1.136166758344,2.410268259248,8,6.546733893097,-99.718415863526,642.798687526512,-2272.284417850445,4754.038148418815,-5879.067222864317,3970.574652669884,-1126.646399383854,,,
221,poly_AHdist_s_dOH_4,,hbgd_AHdist,1.14748838679,2.51780687635,1.0,1.0,1.345685435156,2.089944906790,8,9.820100839097,-134.975187940609,782.857261221751,-2482.266271980297,4642.002047672488,-5108.992129819886,3053.352727704085,-760.652703378167,,,
222,poly_AHdist_s_dOH_4_sp2,,hbgd_AHdist,1.14748838679,2.51780687593,0.5,0.5,0.923738973943,2.197840474824,8,6.546733892732,-89.983458627073,521.904840814501,-1654.844181320198,3094.668031781658,-3405.994753213257,2035.568485136057,-507.268468918778,,,
223,poly_AHdist_t_1,,hbgd_AHdist,1.5418207918,2.88883977673,1.0,1.0,-9554337005.868196487427,1.726313533139,9,0.000000001331,12.718116357656,-207.255551000919,1432.199734441506,-5438.522243325248,12250.238679611130,-16354.051627903793,11965.425683425256,-3694.653531085874,,
224,poly_AHdist_t_1_sp2,,hbgd_AHdist,1.54182311626,2.88882200712,0.5,0.5,-9554337005.868196487427,1.313343071115,9,0.000000000887,8.478744238438,-138.170367333946,954.799822961004,-3625.681495550165,8166.825786407419,-10902.701085269195,7976.950455616837,-2463.269020723916,,
225,poly_AHdist_t_2,,hbgd_AHdist,1.50874353776,2.8557796897,1.0,1.0,-3617522655.781072139740,1.693233099363,9,0.000000003516,12.718116317638,-204.310789342790,1391.359296751549,-5205.041442483252,11546.193717904263,-15173.626601694932,10922.962230938165,-3316.326418288554,,
226,poly_AHdist_t_2_sp2,,hbgd_AHdist,1.50874536505,2.85574737392,0.5,0.5,-3617522655.781072616577,1.280265712559,9,0.000000002344,8.478744211759,-136.207192895193,927.572864501033,-3470.027628322168,7697.462478602842,-10115.751067796620,7281.974820625443,-2211.050945525702,,
227,poly_AHdist_t_3,,hbgd_AHdist,1.46702944908,2.81403432743,1.0,1.0,-6064435314.792479515076,1.651518663299,9,0.000000002097,12.718116342781,-200.597160840780,1340.688795968699,-4920.148714073938,10701.624458028955,-13782.067527240401,9715.850828240904,-2886.270379380374,,
228,poly_AHdist_t_3_sp2,,hbgd_AHdist,1.46703634313,2.81397383675,0.5,0.5,-6064435314.792480468750,1.238552283323,9,0.000000001398,8.478744228521,-133.731440560520,893.792530645799,-3280.099142715959,7134.416305352636,-9188.045018160266,6477.233885493935,-1924.346919586916,,
229,poly_AHdist_t_4,,hbgd_AHdist,1.44632820846,2.79332373298,1.0,1.0,1.630824303066,13183983374.076000213623,9,-0.000000000965,12.718116396883,-198.753992463525,1315.884869227006,-4782.649602575603,10299.877950825661,-13129.918809834307,9158.763979816706,-2690.931448850613,,
230,poly_AHdist_t_4_sp2,,hbgd_AHdist,1.44632729992,2.79335620725,0.5,0.5,1.217848904810,13183983374.076000213623,9,-0.000000000643,8.478744264589,-132.502661642350,877.256579484671,-3188.433068383735,6866.585300550440,-8753.279206556204,6105.842653211137,-1794.120965900409,,
231,poly_AHdist_t_5,,hbgd_AHdist,1.51876127106,2.86565653426,1.0,1.0,-13295223175.133075714111,1.703243655030,9,0.000000000957,12.718116363356,-205.201798436890,1403.654895875427,-5274.974706132803,11755.966357193389,-15523.442773558610,11230.177785091586,-3427.178423040285,,
232,poly_AHdist_t_5_sp2,,hbgd_AHdist,1.51874940268,2.86585164187,0.5,0.5,-13295223175.133075714111,1.290274420789,9,0.000000000638,8.478744242237,-136.801198957926,935.769930583618,-3516.649804088535,7837.310904795592,-10348.961849039073,7486.785190061057,-2284.952282026856,,
233,poly_AHdist_t_6,,hbgd_AHdist,1.3419020473,2.68885994932,1.0,1.0,-49870418216.603363037109,1.526383567733,9,0.000000000255,12.718116375070,-189.457119288614,1194.264789690244,-4127.579642032293,8441.137428588376,-10201.437827880580,6732.454620182081,-1866.509070379630,,
234,poly_AHdist_t_6_sp2,,hbgd_AHdist,1.34190105704,2.68889485498,0.5,0.5,-49870418216.603363037109,1.113421295810,9,0.000000000170,8.478744250047,-126.304746192409,796.176526460162,-2751.719761354862,5627.424952392250,-6800.958551920387,4488.303080121387,-1244.506046919754,,
235,poly_AHdist_t_7,,hbgd_AHdist,1.48190000847,2.82887399375,1.0,1.0,1.666391946162,11169265146.540220260620,9,-0.000000001139,12.718116401217,-201.920873552266,1358.643547588801,-5020.486838609450,10997.226341373496,-14265.995637116423,10132.856161276361,-3033.814702006828,,
236,poly_AHdist_t_7_sp2,,hbgd_AHdist,1.48190225312,2.82888763945,0.5,0.5,1.253421375068,11169265146.540220260620,9,-0.000000000759,8.478744267478,-134.613915701510,905.762365059201,-3346.991225739634,7331.484227582330,-9510.663758077615,6755.237440850907,-2022.709801337885,,
237,poly_AHdist_t_dOH_1,,hbgd_AHdist,1.26632862885,2.61332360564,1.0,1.0,-10583893077.590038299561,1.450819563529,9,0.000000001202,12.718116361330,-182.729165571656,1109.883962869010,-3692.351636574012,7260.001549703124,-8424.068583844350,5328.256202648152,-1412.473084430374,,
238,poly_AHdist_t_dOH_1_sp2,,hbgd_AHdist,1.26632865109,2.61332122975,0.5,0.5,-10583893077.590038299561,1.037848765579,9,0.000000000801,8.478744240887,-121.819443714437,739.922641912673,-2461.567757716008,4840.001033135415,-5616.045722562900,3552.170801765435,-941.815389620249,,
239,poly_AHdist_t_dOH_2,,hbgd_AHdist,1.27932909128,2.62631888687,1.0,1.0,1.463816543078,5631329266.730766296387,9,-0.000000002258,12.718116414562,-183.886514516180,1124.181975716286,-3764.958293658744,7453.887585082228,-8710.977155479961,5550.995415989505,-1483.180139205269,,
240,poly_AHdist_t_dOH_2_sp2,,hbgd_AHdist,1.27932962523,2.62630891679,0.5,0.5,1.050848873612,5631329266.730766296387,9,-0.000000001506,8.478744276374,-122.591009677453,749.454650477524,-2509.972195772496,4969.258390054818,-5807.318103653307,3700.663610659670,-988.953426136846,,
241,poly_AHdist_t_dOH_3,,hbgd_AHdist,1.38430911444,2.73165109948,1.0,1.0,-104295954996.929412841797,1.568826316318,9,0.000000000122,12.718116378642,-193.234329821973,1242.975040758928,-4386.079359177620,9163.422666465673,-11321.356225634794,7644.969013994419,-2171.174216214065,,
242,poly_AHdist_t_dOH_3_sp2,,hbgd_AHdist,1.38432213286,2.73135244364,0.5,0.5,-104295954996.929412841797,1.155848445927,9,0.000000000081,8.478744252428,-128.822886547982,828.650027172619,-2924.052906118413,6108.948444310448,-7547.570817089862,5096.646009329612,-1447.616144142710,,
243,poly_AHdist_t_dOH_4,,hbgd_AHdist,1.17189867575,2.51890987776,1.0,1.0,-15108761407.363826751709,1.356392478610,9,0.000000000842,12.718116368233,-174.322560766574,1008.737152756327,-3192.397288206071,5961.281520113565,-6555.841445838413,3919.525235910963,-978.624378142686,,
244,poly_AHdist_t_dOH_4_sp2,,hbgd_AHdist,1.17190011067,2.51889993808,0.5,0.5,-15108761407.363826751709,0.943420907174,9,0.000000000561,8.478744245489,-116.215040511049,672.491435170884,-2128.264858804047,3974.187680075710,-4370.560963892275,2613.016823940642,-652.582918761790,,
245,poly_AHdist_u_1,,hbgd_AHdist,0.885642684936,2.63429112299,1.0,1.0,-14.527134305834,1.417745465316,8,-0.143801109982,-0.619252763961,15.277225721027,-75.226438770366,173.872519390925,-211.771750284790,129.004638937882,-29.611915621944,,,
246,poly_AHdist_u_1_sp2,,hbgd_AHdist,0.885642684934,2.63429112273,0.5,0.5,-14.527134401390,0.567793812430,8,-0.095867406654,-0.412835175974,10.184817147351,-50.150959180244,115.915012927283,-141.181166856527,86.003092625254,-19.907943747963,,,
247,poly_AHdist_u_2,,hbgd_AHdist,0.852565444758,2.60121388262,1.0,1.0,-14.560211544172,1.384668225031,8,-0.143801109994,-0.652548570826,15.151022684414,-72.710141481396,164.086081883771,-195.006396582427,115.554894078746,-25.570295470259,,,
248,poly_AHdist_u_2_sp2,,hbgd_AHdist,0.852565444758,2.60121388277,0.5,0.5,-14.560211639728,0.534716572064,8,-0.095867406663,-0.435032380551,10.100681789610,-48.473427654264,109.390721255847,-130.004264388285,77.036596052497,-17.213530313506,,,
249,poly_AHdist_u_3,,hbgd_AHdist,0.810851847475,2.55950028547,1.0,1.0,-14.601925140569,1.342954627729,8,-0.143801110001,-0.694537801887,14.982447228343,-69.567520250363,152.216744581654,-175.220671784179,100.121717616596,-21.077709428049,,,
250,poly_AHdist_u_3_sp2,,hbgd_AHdist,0.810851847475,2.55950028532,0.5,0.5,-14.601925236124,0.493002974745,8,-0.095867406667,-0.463025201258,9.988298152229,-46.378346833575,101.477829721103,-116.813781189452,66.747811744397,-14.218472952033,,,
251,poly_AHdist_u_4,,hbgd_AHdist,0.790148323519,2.53879676131,1.0,1.0,-14.622628664121,1.322251103772,8,-0.143801110003,-0.715378129925,14.894876543234,-68.021083195810,146.519669243929,-165.943989890991,93.059627851294,-19.078604830933,,,
252,poly_AHdist_u_4_sp2,,hbgd_AHdist,0.79014832352,2.53879676148,0.5,0.5,-14.622628759677,0.472299450783,8,-0.095867406669,-0.476918753284,9.929917695490,-45.347388797207,97.679779495953,-110.629326593994,62.039751900863,-12.885736553955,,,
253,poly_AHdist_u_5,,hbgd_AHdist,0.862573763508,2.61122220142,1.0,1.0,-14.550203223086,1.394676543792,8,-0.143801110011,-0.642474119142,15.189905682489,-73.469298205458,167.012096239743,-199.976924690819,119.507866512472,-26.746504007312,,,
254,poly_AHdist_u_5_sp2,,hbgd_AHdist,0.862573763509,2.61122220141,0.5,0.5,-14.550203318642,0.544724890818,8,-0.095867406674,-0.428316079428,10.126603788326,-48.979532136972,111.341397493162,-133.317949793879,79.671911008315,-17.997669338208,,,
255,poly_AHdist_u_6,,hbgd_AHdist,0.685720539034,2.43436897696,1.0,1.0,-14.727056449424,1.217823319374,8,-0.143801109998,-0.820495949199,14.413712762406,-60.366639769406,119.713923627520,-124.324192745921,62.893715630460,-11.011288529045,,,
256,poly_AHdist_u_6_sp2,,hbgd_AHdist,0.685720539035,2.43436897687,0.5,0.5,-14.727056544980,0.367871666449,8,-0.095867406665,-0.546997299466,9.609141841604,-40.244426512937,79.809282418347,-82.882795163947,41.929143753640,-7.507525686030,,,
257,poly_AHdist_u_7,,hbgd_AHdist,0.825720538957,2.57436897686,1.0,1.0,-14.587056453649,1.357823319374,8,-0.143801109968,-0.679570861855,15.043740825802,-70.683653864013,156.387424947314,-182.103235424468,105.434195615040,-22.605629585716,,,
258,poly_AHdist_u_7_sp2,,hbgd_AHdist,0.825720538957,2.57436897714,0.5,0.5,-14.587056549204,0.507871666523,8,-0.095867406646,-0.453047241237,10.029160550535,-47.122435909342,104.258283298209,-121.402156949646,70.289463743360,-15.237086390477,,,
259,poly_AHdist_u_8,,hbgd_AHdist,0.835720539063,2.584368977,1.0,1.0,-14.577056449696,1.367823319376,8,-0.143801109996,-0.669504783729,15.084213092334,-71.436855218139,159.229828361186,-186.837418875157,109.123460017648,-23.678338955006,,,
260,poly_AHdist_u_8_sp2,,hbgd_AHdist,0.835720539063,2.58436897701,0.5,0.5,-14.577056545252,0.517871666434,8,-0.095867406664,-0.446336522486,10.056142061556,-47.624570145426,106.153218907457,-124.558279250105,72.748973345099,-15.952225970004,,,
261,poly_AHdist_u_dOH_1,,hbgd_AHdist,0.610148323419,2.35879676142,1.0,1.0,-14.802628667867,1.142251103771,8,-0.143801109978,-0.896567528896,14.024425889891,-54.992720767980,102.281704169406,-99.189833135440,46.052042460319,-6.918570917954,,,
262,poly_AHdist_u_dOH_1_sp2,,hbgd_AHdist,0.610148323419,2.35879676138,0.5,0.5,-14.802628763422,0.292299450870,8,-0.095867406652,-0.597711685930,9.349617259927,-36.661813845320,68.187802779604,-66.126555423627,30.701361640213,-4.779047278636,,,
263,poly_AHdist_u_dOH_2,,hbgd_AHdist,0.62314832351,2.37179676142,1.0,1.0,-14.789628664754,1.155251103772,8,-0.143801109999,-0.883481627582,14.093847805131,-55.906570185643,105.165066168098,-103.234890702007,48.683320217368,-7.534236838008,,,
264,poly_AHdist_u_dOH_2_sp2,,hbgd_AHdist,0.623148323509,2.3717967614,0.5,0.5,-14.789628760310,0.305299450793,8,-0.095867406666,-0.588987751721,9.395898536754,-37.271046790429,70.110044112065,-68.823260468005,32.455546811579,-5.189491225339,,,
265,poly_AHdist_u_dOH_3,,hbgd_AHdist,0.728148323548,2.47679676134,1.0,1.0,-14.684628663403,1.260251103772,8,-0.143801110008,-0.777787811593,14.617147677633,-63.446119682837,130.219515399638,-140.224832335388,74.108489081732,-13.912868358509,,,
266,poly_AHdist_u_dOH_3_sp2,,hbgd_AHdist,0.728148323548,2.47679676137,0.5,0.5,-14.684628758958,0.410299450762,8,-0.095867406672,-0.518525207729,9.744765118422,-42.297413121891,86.813010266426,-93.483221556925,49.405659387821,-9.441912239006,,,
267,poly_AHdist_u_dOH_4,,hbgd_AHdist,0.515720539061,2.264368977,1.0,1.0,-14.897056450225,1.047823319375,8,-0.143801109992,-0.991619270169,13.489534000894,-48.495396235954,82.745345997137,-73.040229392202,29.875831166336,-3.372564210235,,,
268,poly_AHdist_u_dOH_4_sp2,,hbgd_AHdist,0.515720539061,2.26436897695,0.5,0.5,-14.897056545781,0.197871666437,8,-0.095867406661,-0.661079513446,8.993022667263,-32.330264157303,55.163563998091,-48.693486261468,19.917220777557,-2.415042806823,,,
269,poly_AHdist_v_1,,hbgd_AHdist,0.84669960599,2.75072986373,1.0,1.0,1.507157716363,2.391986591419,8,0.387869329998,-5.026875879826,26.205516660735,-70.923951090054,107.735262655369,-91.831859102007,39.024569634063,-4.824337718187,,,
270,poly_AHdist_v_1_sp2,,hbgd_AHdist,0.84669960599,2.75072986382,0.5,0.5,0.214854624712,2.486176519083,8,0.258579553332,-3.351250586551,17.470344440490,-47.282634060036,71.823508436913,-61.221239401338,26.016379756042,-3.382891812124,,,
271,poly_AHdist_v_2,,hbgd_AHdist,0.813622365727,2.71765262339,1.0,1.0,1.474080476076,2.358909351132,8,0.387869329996,-4.937068350586,25.216777327857,-66.671927799642,98.634481727363,-81.597298763943,33.292990105123,-3.630171175671,,,
272,poly_AHdist_v_2_sp2,,hbgd_AHdist,0.813622365727,2.71765262301,0.5,0.5,0.181777384371,2.453099278796,8,0.258579553331,-3.291378900390,16.811184885238,-44.447951866428,65.756321151575,-54.398199175962,22.195326736749,-2.586780783781,,,
273,poly_AHdist_v_3,,hbgd_AHdist,0.771908768446,2.67593902613,1.0,1.0,1.432366878774,2.317195753831,8,0.387869329979,-4.823812375082,23.995292982636,-61.540389256578,87.941630145445,-69.932086386633,26.981456639817,-2.376421614823,,,
274,poly_AHdist_v_3_sp2,,hbgd_AHdist,0.771908768446,2.67593902566,0.5,0.5,0.140063786977,2.411385681494,8,0.258579553320,-3.215874916721,15.996861988424,-41.026926171052,58.627753430297,-46.621390924422,17.987637759878,-1.750947743215,,,
275,poly_AHdist_v_4,,hbgd_AHdist,0.751205244516,2.65523550189,1.0,1.0,1.411663354817,2.296492229872,8,0.387869329967,-4.767600541138,23.399564840191,-59.087348052668,82.947217222924,-64.626135815039,24.196697630539,-1.847016579994,,,
276,poly_AHdist_v_4_sp2,,hbgd_AHdist,0.751205244517,2.65523550197,0.5,0.5,0.119360262928,2.390682157537,8,0.258579553311,-3.178400360758,15.599709893460,-39.391565368445,55.298144815283,-43.084090543359,16.131131753693,-1.398011053329,,,
277,poly_AHdist_v_5,,hbgd_AHdist,0.82363068445,2.72766094196,1.0,1.0,1.484088794839,2.368917669895,8,0.387869329995,-4.964241789835,25.514063732147,-67.941247067001,101.328935227694,-84.599118052742,34.956201879935,-3.971650898421,,,
278,poly_AHdist_v_5_sp2,,hbgd_AHdist,0.823630684449,2.72766094208,0.5,0.5,0.191785703209,2.463107597558,8,0.258579553330,-3.309494526557,17.009375821431,-45.294164711334,67.552623485129,-56.399412035161,23.304134586623,-2.814433932281,,,
279,poly_AHdist_v_6,,hbgd_AHdist,0.646777460094,2.55080771773,1.0,1.0,1.307235570421,2.192064445477,8,0.387869329980,-4.484070197983,20.501170409624,-47.633936628740,60.710561718243,-42.248224924377,13.157234654890,0.062750547794,,,
280,poly_AHdist_v_6_sp2,,hbgd_AHdist,0.646777460094,2.55080771763,0.5,0.5,0.014932478627,2.286254373141,8,0.258579553320,-2.989380131988,13.667446939749,-31.755957752493,40.473707812162,-28.165483282918,8.771489769927,-0.124832968138,,,
281,poly_AHdist_v_7,,hbgd_AHdist,0.786777460112,2.69080771766,1.0,1.0,1.447235570421,2.332064445477,8,0.387869329968,-4.864182141189,24.427436391097,-63.340323520653,91.655096532111,-73.937240979146,29.120194821835,-2.793353119431,,,
282,poly_AHdist_v_7_sp2,,hbgd_AHdist,0.786777460112,2.69080771763,0.5,0.5,0.154932478561,2.426254373141,8,0.258579553312,-3.242788094126,16.284957594065,-42.226882347102,61.103397688074,-49.291493986097,19.413463214556,-2.028902079621,,,
283,poly_AHdist_v_8,,hbgd_AHdist,0.796777460039,2.70080771743,1.0,1.0,1.457235570422,2.342064445478,8,0.387869329985,-4.891332994547,24.720101846907,-64.569005195282,94.213234342808,-76.725143092317,30.626690769010,-3.092041086634,,,
284,poly_AHdist_v_8_sp2,,hbgd_AHdist,0.796777460039,2.70080771755,0.5,0.5,0.164932478748,2.436254373141,8,0.258579553323,-3.260888663031,16.480067897938,-43.046003463521,62.808822895205,-51.150095394878,20.417793846007,-2.228027391090,,,
285,poly_AHdist_v_dOH_1,,hbgd_AHdist,0.571205244493,2.47523550191,1.0,1.0,1.231663354817,2.116492229873,8,0.387869329974,-4.278885185477,18.514462548441,-40.265621673687,47.443943649368,-30.030089802220,7.732875357022,0.840484553626,,,
286,poly_AHdist_v_dOH_1_sp2,,hbgd_AHdist,0.571205244493,2.47523550187,0.5,0.5,-0.060639737006,2.210682157537,8,0.258579553316,-2.852590123651,12.342975032294,-26.843747782458,31.629295766245,-20.020059868146,5.155250238014,0.393656369084,,,
287,poly_AHdist_v_dOH_2,,hbgd_AHdist,0.584205244478,2.48823550209,1.0,1.0,1.244663354817,2.129492229873,8,0.387869329979,-4.314181294584,18.849592141629,-41.479938540004,49.569233822905,-31.921641546994,8.538068281003,0.734776697061,,,
288,poly_AHdist_v_dOH_2_sp2,,hbgd_AHdist,0.584205244479,2.48823550186,0.5,0.5,-0.047639736957,2.223682157537,8,0.258579553320,-2.876120863056,12.566394761086,-27.653292360003,33.046155881937,-21.281094364663,5.692045520669,0.323184464708,,,
289,poly_AHdist_v_dOH_3,,hbgd_AHdist,0.689205244532,2.59323550194,1.0,1.0,1.349663354817,2.234492229873,8,0.387869329965,-4.599265251901,21.657327802458,-52.105147394301,69.170509717438,-50.506025542543,17.084978165613,-0.576327474894,,,
290,poly_AHdist_v_dOH_3_sp2,,hbgd_AHdist,0.689205244532,2.593235502,0.5,0.5,0.057360262891,2.328682157537,8,0.258579553310,-3.066176834601,14.438218534972,-34.736764929534,46.113673144959,-33.670683695029,11.389985443742,-0.550884983262,,,
291,poly_AHdist_v_dOH_4,,hbgd_AHdist,0.476777460087,2.3808077175,1.0,1.0,1.137235570421,2.022064445477,8,0.387869329985,-4.022505695357,16.162816704310,-32.085090141495,33.815056654691,-18.593361152704,3.202201164796,1.339797618220,,,
292,poly_AHdist_v_dOH_4_sp2,,hbgd_AHdist,0.476777460087,2.38080771754,0.5,0.5,-0.155067521348,2.116254373140,8,0.258579553323,-2.681670463571,10.775211136207,-21.390060094330,22.543371103127,-12.395574101802,2.134800776530,0.726531745480,,,
293,poly_cosAHD_2,POLY_xDBBHelix_newHB,hbgd_cosAHD,0,1.0000000,1.0324272,-0.5,0.7941442158,1.0400000,8,-143.281154541952,651.459296859914,-1186.737225447489,1119.560934125946,-584.630521397697,162.545421894758,-21.544588228578,2.127836735098,,,
294,poly_cosAHD_2prime,POLY_xDBBHelix_newHB,hbgd_cosAHD,.4,1.0000000,1.0,-0.5,0.7941442158,1.0400000,7,-145.49652484,691.72421985,-1311.57894312,1280.45242597,-685.19092247,189.69838929,-20.10864469,,,,
295,poly_cosAHD_2prime_sp2,POLY_xDBBHelix_newHB,hbgd_cosAHD,.4,1.0000000,1.0,-0.5,0.7941442158,1.0400000,7,-96.997683226667,461.149479900000,-874.385962080000,853.634950646667,-456.793948313333,126.465592860000,-13.572429793333,,,,
296,poly_cosAHD_3,POLY_xDBBOther,hbgd_cosAHD,0,1.0000000,0.5,-0.5,0.7256433,,8,-71.640577270976,325.729648429957,-593.368612723745,559.780467062973,-292.315260698848,81.272710947379,-10.772294114289,0.813918367549,,,
297,poly_cosAHD_4,,hbgd_cosAHD,0.55,1.0000000,1.0,-0.5,0.7256433,,5,19.98163884,-29.02126972,-6.55751982,20.25229343,-5.15514273,,,,,,
298,poly_cosAHD_4_sp2,,hbgd_cosAHD,0.55,1.0000000,0.5,-0.5,0.7256433,,5,13.32109256000000,-19.34751314666666,-4.37167988000000,13.50152895333333,-3.60342848666667,,,,,,
299,poly_cosAHD_4b,,hbgd_cosAHD,0.5,1.0000000,1.0,-0.5,0.7256433,,6,-54.28125750,206.23511917,-282.58812690,168.44376295,-42.65733439,4.34783667,,,,,
300,poly_cosAHD_4b_sp2,,hbgd_cosAHD,0.5,1.0000000,0.5,-0.5,0.7256433,,6,-36.18750500000000,137.49007944666664,-188.39208460000000,112.29584196666667,-28.43822292666667,2.73189111333333,,,,,
301,poly_cosAHD_4c,,hbgd_cosAHD,0.5,1.0000000,1.0,-0.5,0.7256433,,6,-62.60093129,230.70575846,-299.93085269,158.53303529,-27.09188992,-0.11511986,,,,,
302,poly_cosAHD_4c_sp2,,hbgd_cosAHD,0.5,1.0000000,0.5,-0.5,0.7256433,,6,-41.733954193333,153.803838973333,-199.953901793333,105.688690193333,-18.061259946667,-0.243413240000,,,,,
303,poly_cosAHD_4d,,hbgd_cosAHD,0.5,1.0000000,1.0,-0.5,0.7256433,,6,-6.64381626,48.98988912,-89.53221402,62.14308942,-18.43001194,2.97306368,,,,,
304,poly_cosAHD_4d_sp2,,hbgd_cosAHD,0.5,1.0000000,0.5,-0.5,0.7256433,,6,-4.429210840000,32.659926080000,-59.688142680000,41.428726280000,-12.286674626667,1.815375786667,,,,,
305,poly_cosAHD_4e,,hbgd_cosAHD,0.5,1.0000000,1.0,-0.5,0.7256433,,8,179.61247103,-629.40168495,845.98608226,-495.31198985,50.26019290,76.45869400,-33.25760617,5.15384077,,,
306,poly_cosAHD_4e_sp2,,hbgd_cosAHD,0.5,1.0000000,0.5,-0.5,0.7256433,,8,119.741647353333,-419.601123300000,563.990721506667,-330.207993233333,33.506795266667,50.972462666667,-22.171737446667,3.269227180000,,,
307,poly_cosAHD_4f,,hbgd_cosAHD,0.4,1.0000000,1.0,-0.5,0.7256433,,8,2818.45333970,-13262.32504898,26177.12807882,-28051.15385677,17609.47628832,-6480.48153976,1296.28616352,-107.88342484,,,
308,poly_cosAHD_4f_sp2,,hbgd_cosAHD,0.4,1.0000000,0.5,-0.5,0.7256433,,8,1878.968893133333,-8841.550032653333,17451.418719213332,-18700.769237846667,11739.650858879999,-4320.321026506666,864.190775680000,-72.088949893333,,,
309,poly_cosAHD_4g,,hbgd_cosAHD,0.4,1.0000000,1.0,-0.5,0.7256433,,8,2570.99608684,-12240.64453818,24465.69240746,-26553.43676496,16872.70343097,-6276.21148882,1266.49232849,-106.09146180,,,
310,poly_cosAHD_4g_sp2,,hbgd_cosAHD,0.4,1.0000000,0.5,-0.5,0.7256433,,8,1713.997391226666,-8160.429692120000,16310.461604973332,-17702.291176639999,11248.468953979998,-4184.140992546667,844.328218993333,-70.894307866667,,,
311,poly_cosAHD_4h,,hbgd_cosAHD,0.4,1.0000000,1.0,-0.5,0.7256433,,8,2900.35931976,-13778.28089271,27492.08334669,-29815.38523577,18956.87761964,-7066.80641793,1431.27430453,-120.62204421,,,
312,poly_cosAHD_4h_sp2,,hbgd_cosAHD,0.4,1.0000000,0.5,-0.5,0.7256433,,8,1933.572879840000,-9185.520595139998,18328.055564459999,-19876.923490513334,12637.918413093332,-4711.204278620000,954.182869686667,-80.581362806667,,,
313,poly_cosAHD_4i,,hbgd_cosAHD,0.4,1.0000000,1.0,-0.5,0.7256433,,8,3390.96276958,-16094.12300950,32080.36055960,-34758.77126014,22083.96034356,-8228.21306453,1665.82601085,-140.50234943,,,
314,poly_cosAHD_4i_sp2,,hbgd_cosAHD,0.4,1.0000000,0.5,-0.5,0.7256433,,8,2260.641846386667,-10729.415339666666,21386.907039733334,-23172.514173426665,14722.640229040000,-5485.475376353334,1110.550673900000,-93.834899620000,,,
315,poly_cosAHD_4j,,hbgd_cosAHD,0.4,1.0000000,1.0,-0.5,0.7256433,,8,1562.19936034,-7144.58426113,13732.05846815,-14356.26343551,8806.31379857,-3172.25929936,622.44864869,-50.41327975,,,
316,poly_cosAHD_4j_sp2,,hbgd_cosAHD,0.4,1.0000000,0.5,-0.5,0.7256433,,8,1041.466240226667,-4763.056174086667,9154.705645433332,-9570.842290339999,5870.875865713333,-2114.839532906667,414.965765793333,-33.775519833333,,,
317,poly_cosAHD_4n_sp2,,hbgd_cosAHD,0.3,1.0000000,0.5,-0.5,0.7256433,,10,6518.372098406666,-33242.722257306668,72873.761142539995,-89868.512086673320,68502.811503379999,-33373.208687213330,10363.627128926666,-1975.230849966666,209.531240160000,-8.929232253333,
318,poly_cosAHD_4o_sp2,,hbgd_cosAHD,0.3,1.0000000,0.5,-0.5,0.7256433,,10,4380.682404960000,-22294.027106913334,48887.562347586660,-60480.834397146660,46397.534003806664,-22823.461282386666,7177.280719079999,-1388.638900366667,149.755914426667,-6.353703046667,
319,poly_cosAHD_5,,hbgd_cosAHD,0.3,1.0000000,1.0,-0.5,0.7256433,,7,-170.08737249,658.78928498,-1009.48672860,785.34712399,-331.64028472,71.76392189,-5.18594506,,,,
320,poly_cosAHD_5_sp2,,hbgd_cosAHD,0.3,1.0000000,0.5,-0.5,0.7256433,,7,-113.391581660000,439.192856653333,-672.991152400000,523.564749326667,-221.093523146667,47.842614593333,-3.623963373333,,,,
321,poly_cosAHD_6,,hbgd_cosAHD,0.3,1.0000000,1.0,-0.5,0.7256433,,8,-47.57308527,167.04782271,-226.88545545,161.56776407,-71.49867938,17.51823266,-1.65954554,0.98294620,,,
322,poly_cosAHD_6_sp2,,hbgd_cosAHD,0.3,1.0000000,0.5,-0.5,0.7256433,,8,-31.715390180000,111.365215140000,-151.256970300000,107.711842713333,-47.665786253333,11.678821773333,-1.106363693333,0.488630800000,,,
323,poly_cosAHD_7,,hbgd_cosAHD,0.2,1.0000000,1.0,-0.5,0.7256433,,7,100.82029915,-325.05431293,412.69325043,-262.08019629,84.47941115,-13.14146539,1.78301388,,,,
324,poly_cosAHD_7_sp2,,hbgd_cosAHD,0.2,1.0000000,0.5,-0.5,0.7256433,,7,67.213532766667,-216.702875286667,275.128833620000,-174.720130860000,56.319607433333,-8.760976926667,1.022009253333,,,,
325,poly_cosAHD_7b,,hbgd_cosAHD,0.2,1.0000000,1.0,-0.5,0.7256433,,8,228.42106726,-826.04193823,1204.09509755,-906.95018778,376.33158429,-87.54928371,10.73323648,0.46042414,,,
326,poly_cosAHD_7b_sp2,,hbgd_cosAHD,0.2,1.0000000,0.5,-0.5,0.7256433,,8,152.280711506667,-550.694625486667,802.730065033333,-604.633458520000,250.887722860000,-58.366189140000,7.155490986667,0.140282760000,,,
327,poly_cosAHD_8a_sp2,,hbgd_cosAHD,0.6,1.0000000,0.5,-0.5,0.7256433,,8,25706.02885805,-139518.75525172,322545.88382652,-411700.86869467,313339.81754568,-142207.96180460,35640.85612224,-3805.50060149,,,
328,poly_cosAHD_8b_sp2,,hbgd_cosAHD,0.4,1.0000000,0.5,-0.5,0.7256433,,10,6105.36950360,-28534.18688627,54275.12892318,-51623.08715613,21286.97633313,3656.32041412,-8271.40389472,3857.31431952,-822.79024469,69.85868826,
329,poly_cosAHD_8c_sp2,,hbgd_cosAHD,0.45,1.0000000,0.5,-0.5,0.7256433,,10,30695.67692467,-175825.26237400,439628.38936569,-629442.08505889,568504.98762895,-335868.58837979,129823.32960362,-31680.26385279,4434.74573259,-271.42959004,
330,poly_cosAHD_8d_sp2,,hbgd_cosAHD,0.45,1.0000000,0.5,-0.5,0.7256433,,10,5440.65565734,-26101.65935904,52506.15042422,-57342.58001553,36900.33078391,-14473.67231133,3767.00978331,-876.72877554,205.26460676,-25.27079411,
331,poly_cosAHD_8e_sp2,,hbgd_cosAHD,0.45,1.0000000,0.5,-0.5,0.7256433,,10,1813.04862560,-7878.82169839,14134.67785747,-13811.43077077,8733.61267991,-4709.15833879,2609.76984540,-1161.63874843,301.51349529,-32.07294729,
332,poly_cosAHD_8f_sp2,,hbgd_cosAHD,0.3,1.0000000,0.5,-0.5,0.7256433,,10,5101.63972605,-26266.32316967,58622.89874542,-74492.25600496,59498.04091745,-31071.43920809,10652.83606490,-2323.96420479,294.04509470,-15.97796101,
333,poly_cosAHD_8g_sp2,,hbgd_cosAHD,0.25,1.0000000,0.5,-0.5,0.7256433,,10,8840.16257923,-46679.60448262,106447.33197980,-137312.69850759,110218.94109396,-57007.37344419,18982.29403777,-3924.76634413,457.67871675,-22.46562898,
334,poly_cosAHD_8h_sp2,,hbgd_cosAHD,0.25,1.0000000,0.5,-0.5,0.7256433,,10,11887.02104093,-65329.41264962,155775.97336493,-211105.87265131,178820.37124704,-97986.46818593,34670.31354714,-7628.84767201,946.30539305,-49.88343422,
335,poly_cosAHD_8i_sp2,,hbgd_cosAHD,0.3,1.0000000,0.5,-0.5,0.7256433,,10,7338.01850824,-38157.12601704,85403.98260677,-107607.82744270,83770.56645953,-41597.51802648,13118.85854893,-2527.62310470,269.83834186,-11.66987441,
336,poly_cosAHD_8j_sp2,,hbgd_cosAHD,0.3,1.0000000,0.5,-0.5,0.7256433,,10,490.51563850,-1770.88685697,2488.94404622,-1686.85934756,533.86777163,-49.18556442,-6.80335456,-0.59233284,-0.00000000,0.50000000,
337,poly_cosAHD_8k_sp2,,hbgd_cosAHD,0.15,1.0000000,0.5,-0.5,0.7256433,,10,1320.97930339,-6097.94363891,11941.46164940,-12936.37376543,8477.03980159,-3456.98777001,874.73000316,-135.22432778,11.75714563,0.06159895,
338,poly_cosAHD_8l_sp2,,hbgd_cosAHD,0.0,1.0000000,0.5,-0.5,0.7256433,,10,624.94590471,-2478.50079230,3993.41636409,-3349.77547098,1554.22203935,-390.95076046,49.63888719,-3.99617159,-0.00000000,0.50000000,
339,poly_cosAHD_8m_sp2,,hbgd_cosAHD,0.0,1.0000000,0.5,-0.5,0.7256433,,10,619.48310279,-2553.92547572,4343.40827157,-3930.62725205,2030.24021229,-593.50766511,90.93347848,-7.00467225,0.00000000,0.50000000,
340,poly_cosAHD_8n_sp2,,hbgd_cosAHD,0.2,1.0000000,0.5,-0.5,0.7256433,,10,5978.21185083,-30682.95239060,67735.00382148,-84157.54792507,64645.28900704,-31739.86319612,9937.99731305,-1913.25372607,205.49652971,-8.88128424,take 8h and decrease its steepness near 150
341,poly_cosAHD_8o_sp2,,hbgd_cosAHD,0.1,1.0000000,0.5,-0.5,0.7256433,,10,1158.42737251,-5298.82615115,10313.16992618,-11172.80780883,7400.00383114,-3097.88530066,817.37752159,-131.09045350,10.99061542,0.14044728,split 8m and 8k
342,poly_cosAHD_8p_sp2,,hbgd_cosAHD,0.25,1.0000000,0.5,-0.5,0.7256433,,10,9829.79018036,-53742.96127112,127546.27720366,-172155.48596134,145378.04649152,-79517.53374750,28132.75695388,-6203.32941376,772.84438649,-40.90482217,steepen 8n a little but keep it from being as steep as 8h
343,poly_cosAHD_8q_sp2,,hbgd_cosAHD,0.25,1.0000000,0.5,-0.5,0.7256433,,10,9705.58365594,-53212.14301224,126799.45228032,-172117.28389533,146453.15639244,-80895.58722258,28969.90954743,-6479.25808050,819.78305097,-44.11271646,split the difference between 8p and 8n
344,poly_AHD_1a_sp2,,hbgd_AHD,1.91986,3.1416,0.5,-0.5,0.7256433,,8,1.46094619,-22.24146458,140.77883463,-475.94672088,914.98666045,-974.79841558,503.01196644,-79.55283575,,,
345,poly_AHD_1b_sp2,,hbgd_AHD,1.745329,3.1416,0.5,-0.5,0.7256433,,8,-0.29799071,5.48409605,-42.39354209,178.58353167,-442.35219926,642.65380211,-505.70159589,166.43183960,,,
346,poly_AHD_1c_sp2,,hbgd_AHD,1.57079633,3.1416,0.5,-0.5,0.7256433,,8,0.61237551,-10.04784754,69.78241523,-265.78705089,599.88428969,-803.69858576,592.90087406,-185.52343002,,,
347,poly_AHD_1d_sp2,,hbgd_AHD,1.57079633,3.1416,0.5,-0.5,0.7256433,,8,-0.09751898,2.03530542,-17.38337810,79.33917509,-209.35850890,319.00449399,-259.84703093,87.92744400,,,
348,poly_AHD_1e_sp2,,hbgd_AHD,1.57079633,3.1416,0.5,-0.5,0.7256433,,8,-0.01821090,0.78033555,-9.05852064,49.44294268,-146.87263656,243.40856152,-211.14547824,75.15009301,,,
349,poly_AHD_1f_sp2,,hbgd_AHD,1.57079633,3.1416,0.5,-0.5,0.7256433,,8,0.49632766,-7.77101558,51.07518455,-182.23293211,380.68804754,-466.02213734,310.25860917,-86.42322482,,,
350,poly_AHD_1g_sp2,,hbgd_AHD,1.57079633,3.1416,0.5,-0.5,0.7256433,,8,-1.00543740,16.90458224,-120.49111628,471.76211915,-1094.81712441,1503.76880740,-1130.41194451,358.96059835,,,
351,poly_AHD_1h,,hbgd_AHD,1.57079633,3.1416,1.0,-0.5,0.7256433,,8,-0.3316161150000000,5.4815492699999995,-38.4388927199999983,148.2063538950000066,-338.4848066250000329,455.4750432449999948,-332.6083460400000149,102.3023149450000062,,,
352,poly_AHD_1h_sp2,,hbgd_AHD,1.57079633,3.1416,0.5,-0.5,0.7256433,,8,-0.22107741,3.65436618,-25.62592848,98.80423593,-225.65653775,303.65002883,-221.73889736,68.03487663,,,
353,poly_AHD_1i,,hbgd_AHD,1.57079633,3.1416,1.0,-0.5,0.7256433,,8,1.1730799500000000,-19.3743339600000013,134.8755956249999883,-512.5986853350000274,1148.7160826399999678,-1519.9360545900001398,1101.5414631300000110,-336.9210687800000414,,,
354,poly_AHD_1i_sp2,,hbgd_AHD,1.57079633,3.1416,0.5,-0.5,0.7256433,,8,0.78205330,-12.91622264,89.91706375,-341.73245689,765.81072176,-1013.29070306,734.36097542,-224.78071252,,,
355,poly_cosBAH_2,POLY_xHBBHelix_newHB,hbgd_cosBAH,0,1.0,1.121682,0.0,0.66403,1.0,11,-97.694695820953001,138.462429237745994,156.878842980886986,-326.767202060573027,72.425044928117003,101.704660856268006,-39.014222010958001,-9.201003032893000,2.111062859909000,-0.434015149339000,1.121681883500607
356,poly_cosBAH_4,POLY_xHSP2short,hbgd_cosBAH,-0.212711,1.0000000,1.0,1.0,0.0380744,0.0,8,20.675738292454000,-72.018846921085000,88.264662460135995,-42.245265774910003,1.554176579065000,6.880825739140000,-3.371822755552000,0.118401470758969,,,
357,poly_cosBAH_off,POLY_xHSP2off,hbgd_cosBAH,-0.3766,1.0000000,0.0,0.0,0.00,1.01,1,0.0,,,,,,,,,,
358,poly_cosBAH_6,POLY_xHSP3,hbgd_cosBAH,-0.37362,1.0000000,1.0,0.0,-0.053453,0.812422,9,2.568716099070000,-15.207999530158000,19.477678793010998,-2.055714386366000,-8.706515054480001,3.078895271023000,3.604171355942000,-2.350263159701000,-0.135387047456782,,
359,poly_cosBAH_6b,POLY_xHSP3,hbgd_cosBAH,-0.37362,1.0000000,1.0,0.0,-0.053453,0.812422,9,-3.96666592,11.44372021,-10.87817895,1.24799257,4.33519839,-2.32026426,-0.16180205,,,,
360,poly_cosBAH_6c,POLY_xHSP3,hbgd_cosBAH,-0.37362,1.0000000,1.0,0.0,-0.053453,0.812422,7,-1.71603251,5.17309242,-5.54072242,0.25715380,4.03858535,-2.25500943,-0.15706721,,,,
361,poly_cosBAH_6d,POLY_xHSP3,hbgd_cosBAH,-0.4,1.0000000,1.0,0.0,-0.053453,0.812422,7,-1.71603251,5.17309242,-5.54072242,0.25715380,4.03858535,-2.25500943,-0.15706721,,,,
362,poly_cosBAH_6e,POLY_xHSP3,hbgd_cosBAH,-0.4,1.0000000,1.0,0.0,-0.053453,0.812422,8,13.30191958,-37.09533571,30.86317751,-3.82956951,-5.22105619,4.00336280,-1.88258937,-0.13990911,,,
363,poly_cosBAH_6f,POLY_xHSP3,hbgd_cosBAH,-0.4,1.0000000,1.0,0.0,-0.053453,0.812422,8,-1.33083405,-9.76597813,23.66248478,-13.24377491,-1.70817546,4.95001910,-2.20112895,-0.16261238,,,
364,poly_cosBAH_6g,POLY_xHSP3,hbgd_cosBAH,-0.2,1.0000000,1.0,0.0,-0.053453,0.812422,8,-28.04762116,59.86513482,-23.79438173,-28.67878263,25.71326623,-1.09365367,-4.12291301,0.458951,,,
365,poly_cosBAH_6h,POLY_xHSP3,hbgd_cosBAH,-0.2,1.0000000,1.0,0.0,-0.053453,0.812422,8,-19.53759371,20.64156219,36.30465849,-62.72567244,27.22188144,2.55976490,-4.49199396,0.32739309,,,
366,poly_cosBAH_6i,POLY_xHSP3,hbgd_cosBAH,-0.25,1.0000000,1.0,0.0,-0.053453,0.812422,8,12.23333692,-58.36327709,90.46369604,-55.92743381,8.62550444,6.92141621,-3.78178656,0.07854386,,,
367,poly_cosBAH_7,POLY_xHRing,hbgd_cosBAH,0,1.0000000,1.0247,0.0,0.50034,,9,-27.942923450028001,136.039920253367995,-268.069590567470016,275.400462507918974,-153.502076215948989,39.741591385461000,0.693861510121000,-3.885952320499000,1.024765090788892,,
368,poly_cosBAH_8,POLY_xHBBHelix_apl111021_1,hbgd_cosBAH,-0.23,1,0.0,0.0,1.0,-0.3,6,5.14761167,-15.52877194,13.78754874,-0.80071256,-3.38419167,0.478515,,,,,
369,poly_cosBAH_8b,POLY_xHBBHelix_apl111021_2,hbgd_cosBAH,-0.23,1,0.0,0.0,1.0,-0.3,6,-7.85147049,12.52209165,-0.30973597,-4.33749783,-1.22681058,0.90342322,,,,,
370,poly_cosBAH_8c,POLY_xHBBHelix_apl111021_3,hbgd_cosBAH,0.2,1,0.0,0.0,1.0,-0.3,7,-65.96937366,204.19867520,-253.94901099,175.08135725,-75.14677445,15.66838706,-0.18326041,,,,
371,poly_cosBAH_8d,POLY_xHBBHelix_apl111021_4,hbgd_cosBAH,-0.23,1,0.0,0.0,1.0,-0.3,8,-4.63760696,15.72352923,-12.59783900,-9.22975160,14.95500339,-1.72925991,-3.37621561,0.51214046,,,
372,poly_cosBAH_flat_neg0p5,,hbgd_cosBAH,-1234,1.1,1.1,1.1,0,1.01,1,-0.5,,,,,,,,,,
